,State_2004,Party_2004,Electors_2004,Votes_2004,Turnout_2004,Margin_2004,Margin %_2004,State_2009,Party_2009,Electors_2009,Votes_2009,Turnout_2009,Margin_2009,Margin %_2009,State_2014,Party_2014,Electors_2014,Votes_2014,Turnout_2014,Margin_2014,Margin %_2014,State_2019,Party_2019,Electors_2019,Votes_2019,Turnout_2019,Margin_2019,Margin %_2019,State_2024,Party_2024,Electors_2024,Votes_2024,Turnout_2024,Margin_2024,Margin %_2024
Adilabad,0,0,1140834.0,830601.0,72.8,40974.0,4.9,0,28,1131211.0,863248.0,76.3,115087.0,13.3,31,0,1386233.0,1045839.0,75.4,171290.0,16.4,31,2,1382837.0,1063730.0,77.9,58560.0,5.5,31,2,1650175.0,1235597.0,74.9,90652.0,7.3
Agra,1,1,1430713.0,642675.0,44.9,57342.0,8.9,1,2,1539683.0,648793.0,42.1,9715.0,1.5,1,2,1814739.0,1070400.0,59.0,300263.0,28.1,1,2,1866262.0,1145323.0,61.7,211546.0,18.5,1,2,2072685.0,1123779.0,54.2,271294.0,24.1
Ajmer,2,2,1203803.0,529138.0,44.0,127976.0,24.2,2,4,1455339.0,771272.0,53.0,76135.0,9.9,2,2,1683292.0,1156314.0,68.7,171983.0,14.9,2,2,1844532.0,1262214.0,69.0,416424.0,33.0,2,2,1995699.0,1201179.0,60.2,329991.0,27.5
Akbarpur,1,3,1446088.0,741543.0,51.3,58269.0,7.9,1,4,1461050.0,637264.0,43.6,32043.0,5.0,1,2,1768623.0,971375.0,54.9,278997.0,28.7,1,2,1714490.0,1025314.0,60.3,275142.0,26.8,1,2,1869167.0,1086953.0,58.2,44345.0,4.1
Akola,3,2,1271055.0,734524.0,57.8,106371.0,14.5,3,2,1480606.0,740014.0,50.0,64848.0,8.8,3,2,1646463.0,978491.0,59.4,203116.0,20.8,3,2,1757645.0,1119440.0,64.2,275596.0,24.6,3,2,1890814.0,1173072.0,62.0,40626.0,3.5
Aligarh,1,4,1341254.0,633500.0,47.2,2791.0,0.4,1,3,1345351.0,694110.0,51.6,16557.0,2.4,1,2,1793126.0,1064357.0,59.4,286736.0,26.9,1,2,1847005.0,1163184.0,63.3,229261.0,19.7,1,2,1997234.0,1133366.0,56.7,15647.0,1.4
Alipurduars,4,5,1045042.0,837257.0,80.1,145124.0,17.3,4,5,1229301.0,934622.0,76.0,112822.0,12.1,4,32,1470911.0,1223566.0,83.2,21397.0,1.7,4,2,1527563.0,1380217.0,91.7,243989.0,17.7,4,2,1773252.0,1421389.0,80.2,75447.0,5.3
Allahabad,1,1,1558094.0,656450.0,42.1,28383.0,4.3,1,1,1267492.0,550220.0,43.4,34920.0,6.3,1,2,1666569.0,891582.0,53.5,62009.0,7.0,1,2,1679883.0,889056.0,53.4,184275.0,20.7,1,4,1825730.0,947000.0,51.9,58795.0,6.2
Almora,5,2,1012756.0,504756.0,49.8,10052.0,2.0,5,4,1057379.0,481891.0,45.6,6950.0,1.4,5,2,1254328.0,656525.0,52.3,95690.0,14.6,5,2,1287611.0,694472.0,55.1,232986.0,33.5,5,2,1339327.0,668497.0,49.9,234097.0,35.0
Alwar,2,4,1262622.0,540451.0,42.8,8371.0,1.5,2,4,1373384.0,762306.0,55.5,156619.0,20.5,2,2,1628067.0,1062305.0,65.3,283895.0,26.7,2,2,2059180.0,1265674.0,61.7,329971.0,26.1,2,2,2059888.0,1253438.0,60.9,48282.0,3.9
Ambala,6,4,1199338.0,847673.0,70.7,234935.0,27.7,6,4,1264907.0,866507.0,68.5,14570.0,1.7,6,2,1692227.0,1218995.0,72.0,340074.0,27.9,6,2,1757524.0,1316235.0,75.3,342345.0,26.0,6,4,1996708.0,1346722.0,67.5,49036.0,3.6
Amethi,1,4,1324991.0,589559.0,44.5,290853.0,49.3,1,4,1431787.0,646653.0,45.2,370198.0,57.2,1,4,1669843.0,874625.0,52.4,107903.0,12.3,1,2,1703510.0,942453.0,55.6,55120.0,5.8,1,4,1796098.0,980671.0,54.6,167196.0,17.0
Amravati,3,6,1204881.0,675653.0,56.1,14234.0,2.1,3,6,1423855.0,732573.0,51.5,61716.0,8.4,3,6,1611365.0,1004061.0,62.3,137932.0,13.7,3,7,1752097.0,1112385.0,63.8,36951.0,3.3,3,4,1836078.0,1173579.0,63.9,19731.0,1.7
Amreli,7,4,1025515.0,475548.0,46.4,2030.0,0.4,7,2,1312733.0,524642.0,40.0,37317.0,7.1,7,2,1486286.0,808816.0,54.4,156232.0,19.3,7,2,1602346.0,909167.0,57.8,201431.0,22.2,7,2,1732810.0,876426.0,50.6,321068.0,36.6
Amritsar,8,2,1292902.0,711808.0,55.1,109532.0,15.4,8,2,1241099.0,814503.0,65.6,6858.0,0.8,8,4,1477262.0,1007196.0,68.2,102770.0,10.2,8,4,1468972.0,859513.0,59.1,99626.0,11.6,8,4,1611263.0,905656.0,56.2,40301.0,4.4
Amroha,1,7,1342541.0,885155.0,65.9,17884.0,2.0,1,13,1173915.0,706599.0,60.2,92083.0,13.0,1,2,1544242.0,1095860.0,71.0,158214.0,14.4,1,3,1596897.0,1169182.0,73.6,63248.0,5.4,1,2,1716641.0,1110690.0,64.7,28670.0,2.6
Anand,7,4,1145550.0,591698.0,51.7,61085.0,10.3,7,4,1397162.0,676072.0,48.4,67318.0,10.0,7,2,1496859.0,970894.0,64.9,63426.0,6.5,7,2,1614307.0,1108661.0,69.8,197718.0,17.8,7,2,1780182.0,1167969.0,65.6,89939.0,7.7
Aonla,1,8,1145865.0,536458.0,46.8,6871.0,1.3,1,2,1310878.0,704611.0,53.8,7681.0,1.1,1,2,1653577.0,995641.0,60.2,138429.0,13.9,1,2,1750190.0,1052795.0,60.7,113743.0,10.8,1,1,1891713.0,1088896.0,57.6,15969.0,1.5
Arakkonam,9,9,1160259.0,773529.0,66.7,102196.0,13.2,9,19,1098607.0,854683.0,77.8,109796.0,12.8,9,36,1401545.0,1089052.0,77.7,240766.0,22.1,9,19,1461110.0,1178060.0,81.5,328956.0,27.9,9,58,1562871.0,1163822.0,74.5,306559.0,26.3
Arambagh,4,10,1187610.0,961186.0,80.9,592502.0,61.6,4,10,1375377.0,1163581.0,84.6,201558.0,17.3,4,32,1600293.0,1361934.0,85.1,346845.0,25.5,4,32,1631133.0,1471981.0,91.5,1142.0,0.1,4,32,1883266.0,1559079.0,82.8,6399.0,0.4
Araria,10,2,1184962.0,652439.0,55.1,27744.0,4.3,10,2,1311225.0,730459.0,55.7,22502.0,3.1,10,11,1587348.0,975811.0,61.5,146504.0,15.0,10,2,1469717.0,1169630.0,81.0,137241.0,11.7,10,2,2018767.0,1252560.0,62.1,20094.0,1.6
Arrah,10,11,1360794.0,787780.0,57.9,149743.0,19.0,10,8,1555122.0,556364.0,35.8,74720.0,13.4,10,2,1832332.0,893213.0,48.8,135870.0,15.2,10,2,2055316.0,1080684.0,53.6,147285.0,13.6,10,59,2165574.0,1096561.0,50.6,59808.0,5.5
Arunachal East,11,2,289606.0,162704.0,56.2,44994.0,27.7,11,4,301173.0,214930.0,71.4,68449.0,31.8,11,4,312872.0,261291.0,83.5,12478.0,4.8,11,2,335682.0,293781.0,89.2,69948.0,23.8,11,2,375310.0,323443.0,86.2,30421.0,9.4
Arunachal West,11,2,394428.0,220618.0,55.9,47424.0,21.5,11,4,433368.0,285666.0,65.9,1314.0,0.5,11,2,446515.0,335665.0,75.2,41738.0,12.4,11,2,458680.0,358310.0,78.5,174843.0,48.8,11,2,517384.0,399804.0,77.3,100738.0,25.2
Asansol,4,10,1092141.0,724790.0,66.4,124318.0,17.2,4,10,1250052.0,893860.0,71.5,72956.0,8.2,4,2,1469684.0,1142395.0,77.7,70480.0,6.2,4,2,1770467.0,1238135.0,70.8,197637.0,16.0,4,32,1770281.0,1301540.0,73.5,59564.0,4.6
Aska,12,12,1254942.0,682598.0,54.4,132602.0,19.4,12,12,1286194.0,701795.0,54.6,232834.0,33.2,12,12,1408780.0,896281.0,63.6,311997.0,34.8,12,12,1494153.0,1013862.0,69.0,204707.0,20.2,12,2,1620974.0,1017914.0,62.8,99974.0,9.8
Azamgarh,1,3,1425023.0,711356.0,49.9,6968.0,1.0,1,2,1578854.0,705508.0,44.7,49039.0,7.0,1,1,1703222.0,960218.0,56.4,63204.0,6.6,1,1,1773820.0,1029112.0,58.4,259874.0,25.3,1,1,1868165.0,1054520.0,56.5,161035.0,15.3
Bagalkot,13,2,1324829.0,866238.0,65.4,167383.0,19.3,13,2,1363359.0,859976.0,63.1,35446.0,4.1,13,2,1568620.0,1079310.0,68.8,116560.0,10.8,13,2,1688394.0,1204613.0,72.0,168187.0,14.0,13,2,1806183.0,1317561.0,73.0,68399.0,5.2
Baghpat,1,13,1570374.0,656864.0,41.8,220638.0,33.6,1,13,1280602.0,613758.0,47.9,63027.0,10.3,1,2,1505175.0,1004263.0,66.7,209866.0,20.9,1,2,1558020.0,1044894.0,67.4,23502.0,2.2,1,13,1653146.0,933773.0,56.5,159459.0,17.1
Balaghat,14,2,1000341.0,608869.0,60.9,88089.0,14.5,14,2,1339239.0,756832.0,56.5,40819.0,5.4,14,2,1629769.0,1113364.0,68.3,96041.0,8.6,14,2,1725505.0,1372018.0,79.8,242066.0,17.6,14,2,1873653.0,1382280.0,73.8,174512.0,12.6
Balasore,12,2,1330406.0,948450.0,71.3,236955.0,25.0,12,4,1269342.0,892345.0,70.3,38900.0,4.4,12,12,1366218.0,1049450.0,76.8,141825.0,13.5,12,2,1471650.0,1157871.0,79.2,12956.0,1.1,12,2,1608014.0,1239635.0,77.1,147156.0,11.9
Ballia,1,14,1430300.0,619531.0,43.3,81054.0,13.1,1,1,1679029.0,677426.0,40.4,72555.0,10.7,1,2,1768271.0,942211.0,53.3,139434.0,14.8,1,2,1792821.0,989732.0,55.7,15519.0,1.6,1,1,1923645.0,1007322.0,52.4,43384.0,4.3
Balurghat,4,5,1129369.0,920808.0,81.5,71146.0,7.7,4,5,1010224.0,876355.0,86.8,5105.0,0.6,4,32,1254497.0,1063053.0,84.7,106964.0,10.1,4,2,1543162.0,1197849.0,78.5,33293.0,2.8,4,2,1561966.0,1237308.0,79.2,10386.0,0.8
Banaskantha,7,4,1311847.0,642570.0,49.0,6928.0,1.1,7,4,1296871.0,646305.0,49.8,10301.0,1.6,7,2,1515711.0,886634.0,58.5,202334.0,22.8,7,2,1512076.0,1102081.0,73.7,368296.0,33.4,7,4,1961924.0,1375903.0,70.1,30406.0,2.2
Banda,1,1,1283915.0,526286.0,41.0,56304.0,10.7,1,1,1386265.0,619203.0,44.7,34593.0,5.6,1,2,1601917.0,858326.0,53.6,115788.0,13.5,1,2,1659357.0,1034549.0,63.5,58938.0,5.7,1,1,1747425.0,1044132.0,59.8,71210.0,6.8
Banka,10,11,1213614.0,713888.0,58.8,4669.0,0.7,10,7,1338025.0,652097.0,48.7,28716.0,4.4,10,11,1549456.0,899353.0,58.0,10144.0,1.1,10,8,1687940.0,995806.0,59.4,200532.0,20.1,10,8,1856566.0,1014155.0,54.6,103844.0,10.2
Bankura,4,10,1020046.0,691958.0,67.8,230329.0,33.3,4,10,1268563.0,985847.0,77.7,107802.0,10.9,4,32,1503812.0,1236319.0,82.2,98506.0,8.0,4,2,1770248.0,1371855.0,78.3,174333.0,12.7,4,32,1780580.0,1447674.0,81.3,32778.0,2.3
Bansgaon,1,4,1441224.0,632098.0,43.9,16441.0,2.6,1,2,1663648.0,649218.0,39.0,52787.0,8.1,1,2,1760110.0,877877.0,49.9,189516.0,21.6,1,2,1748683.0,969136.0,56.2,153468.0,15.8,1,2,1820854.0,944763.0,51.9,3150.0,0.3
Banswara,2,2,1373808.0,665376.0,48.4,21683.0,3.3,2,4,1457980.0,769532.0,52.8,199418.0,25.9,2,2,1692502.0,1171188.0,69.2,91916.0,7.8,2,2,1920325.0,1439671.0,76.5,305464.0,21.2,2,60,2200438.0,1636852.0,74.4,247054.0,15.1
Baramati,3,15,1846635.0,892726.0,48.3,422975.0,47.4,3,15,1593460.0,734048.0,46.1,336831.0,45.9,3,15,1813543.0,1066556.0,58.8,69719.0,6.5,3,15,2025795.0,1304728.0,64.8,155774.0,11.9,3,61,2372668.0,1412349.0,59.5,158333.0,11.2
Barasat,4,16,1388017.0,1148662.0,82.8,12160.0,1.1,4,32,1226654.0,1026860.0,83.7,122901.0,12.0,4,32,1512792.0,1269331.0,83.9,173141.0,13.6,4,32,1882204.0,1394766.0,75.1,109983.0,7.9,4,32,1905400.0,1532601.0,80.4,114189.0,7.5
Bareilly,1,2,1556024.0,822839.0,52.9,59644.0,7.2,1,4,1401423.0,705939.0,50.4,9338.0,1.3,1,2,1664081.0,1017891.0,61.2,240685.0,23.6,1,2,1760865.0,1068342.0,60.9,167282.0,15.7,1,2,1924434.0,1119558.0,58.2,34804.0,3.1
Barmer,2,2,1639188.0,1046857.0,63.9,271888.0,26.0,2,4,1441456.0,786516.0,54.6,119106.0,15.1,2,2,1677582.0,1219119.0,72.7,87461.0,7.2,2,2,2320339.0,1422271.0,62.1,323808.0,22.8,2,4,2206237.0,1688051.0,76.5,118176.0,7.0
Barpeta,15,4,1075749.0,762614.0,70.9,68125.0,8.9,15,4,1239607.0,902287.0,72.8,30429.0,3.4,15,41,1430175.0,1205863.0,84.3,42341.0,3.5,15,4,1449560.0,1458549.0,101.3,140307.0,9.6,15,62,1966847.0,1685943.0,85.7,222351.0,13.2
Barrackpore,4,10,981008.0,792471.0,80.8,165071.0,20.8,4,32,1081237.0,870792.0,80.5,56024.0,6.4,4,32,1287222.0,1051130.0,81.7,206773.0,19.7,4,2,1551157.0,1104517.0,72.0,14857.0,1.3,4,32,1508728.0,1141860.0,75.7,64438.0,5.6
Basirhat,4,17,1107129.0,906003.0,81.8,182084.0,20.1,4,32,1198579.0,1038520.0,86.7,60383.0,5.8,4,32,1490596.0,1273771.0,85.5,109659.0,8.6,4,32,1833511.0,1433339.0,78.7,350369.0,24.4,4,32,1804261.0,1523401.0,84.4,333547.0,21.9
Bastar,16,2,1039442.0,450417.0,43.3,54373.0,12.1,16,2,1193116.0,564742.0,47.3,100262.0,17.8,16,2,1298059.0,769913.0,59.3,124359.0,16.2,16,4,1357443.0,912846.0,70.3,38982.0,4.3,16,2,1472207.0,1007395.0,68.4,55245.0,5.5
Basti,1,3,1416526.0,576389.0,40.7,25374.0,4.4,1,3,1570657.0,773985.0,49.3,105210.0,13.6,1,2,1847613.0,1048534.0,56.8,33562.0,3.2,1,2,1839900.0,1054539.0,57.9,30354.0,2.9,1,1,1902898.0,1082870.0,56.9,100994.0,9.3
Beed,3,15,1319891.0,882532.0,66.9,47412.0,5.4,3,2,1637239.0,1074052.0,65.6,140952.0,13.1,3,2,1792650.0,1232202.0,68.7,136454.0,11.1,3,2,1621102.0,1352399.0,83.6,168368.0,12.4,3,61,2142547.0,1522295.0,71.1,6553.0,0.4
Begusarai,10,8,1280963.0,678647.0,53.0,20491.0,3.0,10,8,1473263.0,718408.0,48.8,40837.0,5.7,10,2,1778759.0,1077855.0,60.6,58335.0,5.4,10,2,1942769.0,1225594.0,64.1,422217.0,34.4,10,2,2196089.0,1294673.0,59.0,81480.0,6.3
Belgaum,13,2,1354182.0,892332.0,65.9,84753.0,9.5,13,2,1378238.0,754295.0,54.7,118687.0,15.7,13,2,1581017.0,1078547.0,68.2,75860.0,7.0,13,2,1749746.0,1205229.0,69.1,391304.0,32.5,13,2,1923788.0,1383889.0,71.9,178437.0,12.9
Bellary,13,2,1423161.0,949652.0,66.7,31679.0,3.3,13,2,1401258.0,860948.0,61.4,2243.0,0.3,13,2,1487945.0,1045772.0,70.3,85144.0,8.1,13,2,1713330.0,1221926.0,71.9,55707.0,4.6,13,4,1884040.0,1389914.0,73.8,98992.0,7.1
Berhampur,12,4,1195391.0,719853.0,60.2,51657.0,7.2,12,12,1207552.0,711181.0,58.9,57287.0,8.1,12,12,1334268.0,905362.0,67.9,127720.0,14.1,12,12,1433671.0,989910.0,70.1,94844.0,9.6,12,2,1591380.0,1042923.0,65.5,165476.0,15.9
Betul,14,2,1122830.0,547321.0,48.7,157540.0,28.8,14,2,1286761.0,636564.0,49.5,97317.0,15.3,14,2,1607822.0,1047719.0,65.2,328614.0,31.4,14,2,1702517.0,1357857.0,81.1,360241.0,26.5,14,2,1895331.0,1396020.0,73.7,379761.0,27.2
Bhadrak,12,12,1350755.0,931990.0,69.0,94769.0,10.2,12,12,1372356.0,929526.0,67.7,54938.0,5.9,12,12,1469498.0,1081339.0,73.6,179359.0,16.6,12,12,1583464.0,1223754.0,77.7,28803.0,2.4,12,2,1770915.0,1297377.0,73.3,91544.0,7.1
Bhagalpur,10,2,1388037.0,757266.0,54.6,117853.0,15.6,10,2,1433346.0,629032.0,43.9,55811.0,8.9,10,11,1685339.0,974016.0,57.8,9485.0,1.0,10,8,1811980.0,1042518.0,59.3,277630.0,26.6,10,8,1983031.0,1064081.0,53.7,104868.0,9.9
Bharatpur,2,2,1189295.0,575896.0,48.4,111349.0,19.3,2,4,1437111.0,560919.0,39.0,81454.0,14.5,2,2,1686897.0,962432.0,57.1,245468.0,25.5,2,2,1897465.0,1146797.0,60.7,318399.0,27.8,2,4,2114916.0,1133000.0,53.6,51983.0,4.6
Bhavnagar,7,2,1236416.0,444803.0,36.0,80426.0,18.1,7,2,1381619.0,623341.0,45.1,5893.0,0.9,7,2,1594531.0,917402.0,57.5,295488.0,32.2,7,2,1734124.0,1041279.0,61.0,329519.0,31.6,7,2,1916900.0,1047232.0,54.6,455289.0,43.5
Bhilwara,2,2,1233703.0,618965.0,50.2,60652.0,9.8,2,4,1492687.0,754956.0,50.6,135368.0,17.9,2,2,1754877.0,1104090.0,62.9,246264.0,22.3,2,2,1958631.0,1310513.0,67.8,612000.0,46.7,2,2,2147159.0,1304395.0,60.8,354606.0,27.2
Bhind,14,2,1388299.0,606013.0,43.7,6946.0,1.1,14,2,1364411.0,523783.0,38.4,18886.0,3.6,14,2,1598169.0,729084.0,45.6,159961.0,21.9,14,2,1711977.0,960687.0,56.4,199885.0,20.8,14,2,1900654.0,1049007.0,55.2,64840.0,6.2
Bhopal,14,2,1847544.0,857893.0,46.4,306005.0,35.7,14,2,1461714.0,659263.0,45.1,65157.0,9.9,14,2,1956936.0,1130182.0,57.8,370696.0,32.8,14,2,2075376.0,1407954.0,68.1,364822.0,25.9,14,2,2339411.0,1498285.0,64.1,501499.0,33.5
Bhubaneswar,12,12,1491536.0,853667.0,57.2,112279.0,13.2,12,12,1447002.0,710998.0,49.1,252760.0,35.6,12,12,1527768.0,891822.0,58.4,189477.0,21.2,12,2,1600900.0,1005215.0,63.2,23839.0,2.4,12,2,1672774.0,1082215.0,64.7,35152.0,3.2
Bidar,13,2,1372985.0,814933.0,59.4,23621.0,2.9,13,4,1470507.0,779256.0,53.0,39619.0,5.1,13,2,1600962.0,959384.0,59.9,92222.0,9.6,13,2,1740232.0,1117167.0,64.3,116834.0,10.5,13,4,1892962.0,1242322.0,65.6,128875.0,10.4
Bijapur,13,2,1328325.0,788537.0,59.4,37533.0,4.8,13,2,1373604.0,649623.0,47.3,42404.0,6.5,13,2,1622635.0,966757.0,59.6,69819.0,7.2,13,2,1777109.0,1111354.0,63.2,258038.0,23.2,13,2,1946090.0,1296114.0,66.6,77229.0,6.0
Bijnor,1,13,1355437.0,705729.0,52.1,80175.0,11.4,1,13,1287070.0,707792.0,55.0,28430.0,4.0,1,2,1562065.0,1060346.0,67.9,205774.0,19.4,1,3,1619514.0,1100763.0,68.2,69941.0,6.4,1,13,1738307.0,1024432.0,58.9,37508.0,3.7
Bikaner,2,2,1900686.0,1075059.0,56.6,57175.0,5.3,2,2,1381203.0,569941.0,41.3,19575.0,3.4,2,2,1591068.0,929751.0,58.4,308079.0,33.1,2,2,1793022.0,1099598.0,62.1,264081.0,24.0,2,2,2048399.0,1118282.0,54.6,55711.0,5.0
Bilaspur,16,2,1411786.0,621304.0,44.0,81553.0,13.1,16,2,1472793.0,770089.0,52.3,20139.0,2.6,16,2,1727325.0,1090457.0,63.1,176436.0,16.2,16,2,1811606.0,1209434.0,67.0,141763.0,11.7,16,2,2102687.0,1361350.0,64.7,164558.0,12.1
Birbhum,4,10,1029870.0,721560.0,70.1,191612.0,26.6,4,32,1221893.0,1017879.0,83.3,61519.0,6.0,4,32,1495108.0,1275819.0,85.3,67263.0,5.3,4,32,1587802.0,1449423.0,92.1,88924.0,6.1,4,32,1857022.0,1527432.0,82.3,197650.0,12.9
Bolangir,12,2,1099775.0,728372.0,66.2,100682.0,13.8,12,12,1443484.0,1011776.0,70.1,90835.0,9.0,12,12,1563025.0,1170405.0,74.9,104299.0,8.9,12,2,1677774.0,1306705.0,78.8,19516.0,1.5,12,2,1801744.0,1400248.0,77.7,132664.0,9.5
Bolpur,4,10,1035012.0,767695.0,74.2,310305.0,40.4,4,10,1307730.0,1079122.0,82.5,126882.0,11.8,4,32,1538429.0,1304756.0,84.8,236112.0,18.1,4,32,1864137.0,1461269.0,79.1,106402.0,7.3,4,32,1839234.0,1528470.0,83.1,327253.0,21.4
Bulandshahr,1,2,1226141.0,685228.0,55.9,16651.0,2.4,1,1,1482749.0,668557.0,45.1,66065.0,9.9,1,2,1736447.0,1009710.0,58.2,421973.0,41.8,1,2,1759305.0,1123629.0,64.2,290057.0,25.8,1,2,1859462.0,1054399.0,56.7,275134.0,26.1
Buldhana,3,6,1196627.0,760202.0,63.5,59907.0,7.9,3,6,1382736.0,853885.0,61.8,28078.0,3.3,3,6,1596234.0,978626.0,61.3,159579.0,16.3,3,6,1977994.0,1120359.0,57.0,133287.0,11.9,3,6,1782700.0,1109496.0,62.2,29479.0,2.7
Buxar,10,2,1222441.0,649116.0,53.1,54866.0,8.5,10,11,1340892.0,623629.0,46.5,2238.0,0.4,10,2,1640567.0,888204.0,54.1,132338.0,14.9,10,2,1806004.0,986861.0,55.6,117609.0,11.9,10,11,1923164.0,1073759.0,55.8,30091.0,2.8
Chamarajanagar,13,18,1189973.0,852745.0,71.7,43989.0,5.2,13,4,1433825.0,973651.0,67.9,4002.0,0.4,13,4,1555779.0,1133029.0,72.8,141182.0,12.5,13,2,1669209.0,1270658.0,76.9,1817.0,0.1,13,4,1778310.0,1369797.0,77.0,188706.0,13.8
Chandauli,1,3,1580853.0,704386.0,44.6,1669.0,0.2,1,1,1446259.0,670998.0,46.4,459.0,0.1,1,2,1669140.0,980572.0,58.8,156756.0,16.0,1,2,1696059.0,1084961.0,64.6,13959.0,1.3,1,1,1843196.0,1116499.0,60.6,21565.0,1.9
Chandigarh,17,4,527684.0,269818.0,51.1,45248.0,16.8,17,4,524444.0,343579.0,65.5,58967.0,17.2,17,2,615214.0,453455.0,73.7,69642.0,15.4,17,2,615214.0,456568.0,74.9,46970.0,10.3,17,4,659805.0,449275.0,68.1,2504.0,0.6
Chandni Chowk,18,4,337462.0,179003.0,53.0,79415.0,44.4,18,4,1413535.0,780507.0,55.2,200710.0,25.7,18,2,1447228.0,981863.0,67.8,136320.0,13.9,18,2,1447228.0,980390.0,68.1,228145.0,23.3,18,2,1645958.0,966102.0,58.7,89325.0,9.2
Chandrapur,3,2,1329746.0,840271.0,63.2,59823.0,7.1,3,2,1536352.0,898509.0,58.5,32495.0,3.6,3,2,1753690.0,1109743.0,63.3,236269.0,21.3,3,4,1846431.0,1238474.0,67.7,44763.0,3.6,3,4,1837906.0,1241304.0,67.5,260406.0,21.0
Chatra,19,11,978364.0,435488.0,44.5,18855.0,4.3,19,7,1037665.0,473936.0,45.7,16178.0,3.4,19,2,1312545.0,712971.0,54.3,178026.0,25.0,19,2,1375612.0,925937.0,67.9,377871.0,40.8,19,2,1689926.0,1086374.0,64.3,220959.0,20.3
Chhindwara,14,4,1145107.0,752439.0,65.7,63708.0,8.5,14,4,1154249.0,829304.0,71.9,121220.0,14.6,14,4,1401277.0,1107498.0,79.0,116537.0,10.5,14,4,1480503.0,1248031.0,85.7,37536.0,3.0,14,2,1632190.0,1304827.0,79.9,113618.0,8.7
Chhota Udaipur,7,4,1065416.0,556493.0,52.2,36239.0,6.5,7,2,1412306.0,765220.0,54.2,26998.0,3.5,7,2,1536305.0,1100542.0,71.6,179729.0,16.3,7,2,1433397.0,1232459.0,88.3,377943.0,30.7,7,2,1821708.0,1267719.0,69.6,398777.0,31.5
Chidambaram,9,9,1125487.0,741925.0,65.9,87651.0,11.8,9,34,1126828.0,869428.0,77.2,99083.0,11.4,9,36,1366189.0,1088423.0,79.7,128495.0,11.8,9,34,1459769.0,1153192.0,80.1,3219.0,0.3,9,34,1519847.0,1167071.0,76.8,103554.0,8.9
Chikkodi,13,2,1184275.0,836452.0,70.6,43492.0,5.2,13,2,1284427.0,868001.0,67.6,55287.0,6.4,13,4,1442296.0,1071103.0,74.3,3003.0,0.3,13,2,1574203.0,1217549.0,78.0,118877.0,9.8,13,4,1761694.0,1393093.0,79.1,90834.0,6.5
Chitradurga,13,4,1316427.0,917046.0,69.7,37460.0,4.1,13,2,1534169.0,836390.0,54.5,135571.0,16.2,13,4,1661272.0,1096499.0,66.0,101291.0,9.2,13,2,1736643.0,1245950.0,72.0,80178.0,6.4,13,2,1856876.0,1366909.0,73.6,48121.0,3.5
Chittorgarh,2,2,1385950.0,670995.0,48.4,135770.0,20.2,2,4,1601444.0,795308.0,49.7,72778.0,9.2,2,2,1818147.0,1172629.0,64.5,316857.0,27.0,2,2,1982095.0,1458760.0,74.5,576247.0,39.5,2,2,2170167.0,1498733.0,69.1,389877.0,26.0
Churu,2,2,1371821.0,832555.0,60.7,29854.0,3.6,2,2,1532266.0,802665.0,52.4,12440.0,1.5,2,2,1753825.0,1131104.0,64.5,294739.0,26.1,2,2,1962475.0,1328422.0,68.2,334402.0,25.2,2,4,2213187.0,1424645.0,64.4,72737.0,5.1
Coimbatore,9,17,1584223.0,877688.0,55.4,164505.0,18.7,9,10,1163781.0,825118.0,70.9,38664.0,4.7,9,36,1720211.0,1176620.0,68.4,42016.0,3.6,9,51,1909712.0,1250885.0,66.7,179143.0,14.3,9,58,2106124.0,1372833.0,65.2,118068.0,8.6
Cooch Behar,4,16,1148934.0,947381.0,82.5,226569.0,23.9,4,16,1329086.0,1122253.0,84.4,33749.0,3.0,4,32,1613417.0,1332409.0,82.6,87107.0,6.5,4,2,1687773.0,1524683.0,91.2,54231.0,3.6,4,32,1966893.0,1623048.0,82.5,39250.0,2.4
Cuddalore,9,19,1206876.0,758178.0,62.8,131352.0,17.3,9,4,986030.0,750000.0,76.1,23532.0,3.1,9,36,1247908.0,984538.0,78.9,203125.0,20.6,9,19,1342320.0,1043202.0,78.4,143983.0,13.8,9,4,1412746.0,1031563.0,73.0,185896.0,18.0
Cuttack,12,12,1236228.0,820082.0,66.3,173198.0,21.1,12,12,1283576.0,813330.0,63.4,236292.0,29.1,12,12,1371617.0,978604.0,71.4,306762.0,31.3,12,12,1460895.0,1059490.0,73.0,121201.0,11.4,12,2,1571622.0,1120795.0,71.3,57077.0,5.1
Dahod,7,2,1212453.0,517809.0,42.7,361.0,0.1,7,4,1194821.0,534414.0,44.7,58536.0,11.0,7,2,1411765.0,900381.0,63.8,230354.0,25.6,7,2,1542941.0,1063212.0,71.0,127596.0,12.0,7,2,1875136.0,1118294.0,59.6,333677.0,29.8
Damoh,14,2,1398539.0,591038.0,42.3,94595.0,16.0,14,2,1357985.0,599295.0,44.1,70877.0,11.8,14,2,1651106.0,912080.0,55.2,213299.0,23.4,14,2,1737702.0,1164226.0,67.4,353411.0,30.4,14,2,1925314.0,1088944.0,56.6,406426.0,37.3
Darbhanga,10,11,1202456.0,764102.0,63.6,143463.0,18.8,10,2,1307067.0,545726.0,41.8,46453.0,8.5,10,2,1495446.0,828342.0,55.4,35043.0,4.2,10,2,1644671.0,964996.0,59.9,267979.0,27.8,10,2,1781356.0,1024184.0,57.5,178156.0,17.4
Darjeeling,4,4,1249238.0,886298.0,71.0,101416.0,11.4,4,2,1215464.0,967400.0,79.6,253289.0,26.2,4,2,1437126.0,1142009.0,79.5,197239.0,17.3,4,2,1519531.0,1267270.0,84.1,413443.0,32.6,4,2,1765744.0,1327412.0,75.2,178525.0,13.4
Dausa,2,4,1462752.0,715613.0,48.9,114865.0,16.1,2,7,1315810.0,841583.0,64.0,137759.0,16.4,2,2,1524095.0,930492.0,61.1,45404.0,4.9,2,2,1692217.0,1062834.0,63.2,78444.0,7.4,2,4,1899304.0,1072734.0,56.5,237340.0,22.1
Deoria,1,1,1569719.0,730406.0,46.5,52226.0,7.2,1,3,1580745.0,715579.0,45.3,41779.0,5.8,1,2,1806926.0,971557.0,53.8,265386.0,27.3,1,2,1751752.0,1015363.0,58.7,249931.0,24.6,1,2,1873821.0,1043308.0,55.7,34842.0,3.3
Dhanbad,19,4,1749456.0,941715.0,53.8,119378.0,12.7,19,2,1806475.0,813521.0,45.0,58047.0,7.1,19,2,1889994.0,1143902.0,60.5,292954.0,25.6,19,2,2050314.0,1252817.0,61.3,486194.0,38.8,19,2,2285237.0,1428007.0,62.5,331583.0,23.2
Dhar,14,2,1325680.0,702989.0,53.0,32611.0,4.6,14,4,1197172.0,654832.0,54.7,2661.0,0.4,14,2,1668441.0,1076816.0,64.5,104328.0,9.7,14,2,1752846.0,1344132.0,77.7,156029.0,11.6,14,2,1953834.0,1425044.0,72.9,218665.0,15.3
Dharmapuri,9,9,1295521.0,707804.0,54.6,216090.0,30.5,9,19,1069601.0,778634.0,72.8,135942.0,17.5,9,9,1358273.0,1101345.0,81.1,77146.0,7.0,9,19,1453257.0,1223205.0,85.1,70753.0,5.8,9,58,1524896.0,1247832.0,81.8,21300.0,1.7
Dhenkanal,12,12,1174787.0,790179.0,67.3,122882.0,15.6,12,12,1283608.0,856631.0,66.7,186587.0,21.8,12,12,1363467.0,1042101.0,76.4,137340.0,13.2,12,12,1461182.0,1131522.0,78.2,35412.0,3.1,12,2,1529785.0,1191673.0,77.9,76567.0,6.4
Dhubri,15,4,1149939.0,863463.0,75.1,116622.0,13.5,15,35,1371949.0,1046985.0,76.3,184419.0,17.6,15,41,1552554.0,1369624.0,88.2,229730.0,16.8,15,41,1799561.0,1685005.0,94.1,226258.0,13.4,15,4,2660827.0,2453608.0,92.2,1012476.0,41.3
Dhule,3,4,1226114.0,455308.0,37.1,7765.0,1.7,3,2,1575227.0,670487.0,42.6,19419.0,2.9,3,2,1674469.0,983083.0,58.7,130723.0,13.3,3,2,1787801.0,1085038.0,60.8,229243.0,21.1,3,4,2022061.0,1219295.0,60.3,3831.0,0.3
Dibrugarh,15,20,969905.0,631416.0,65.1,18554.0,2.9,15,4,1114965.0,750734.0,67.3,35143.0,4.7,15,2,1124305.0,890968.0,79.3,185347.0,20.8,15,2,1265748.0,1015748.0,81.9,364566.0,35.9,15,2,1659588.0,1278322.0,77.0,279321.0,21.9
Dindigul,9,4,1137313.0,688646.0,60.6,155171.0,22.5,9,4,1085696.0,821253.0,75.6,54347.0,6.6,9,36,1400531.0,1083364.0,77.4,127845.0,11.8,9,19,1518633.0,1160046.0,77.3,538972.0,46.5,9,51,1607051.0,1149621.0,71.5,443821.0,38.6
Dum Dum,4,10,1543705.0,1245065.0,80.7,98252.0,7.9,4,32,1212220.0,976769.0,80.6,20478.0,2.1,4,32,1405981.0,1132644.0,80.6,154934.0,13.7,4,32,1699710.0,1204660.0,71.7,53002.0,4.4,4,32,1699656.0,1260046.0,74.1,70660.0,5.6
Dumka,19,21,1083200.0,625043.0,57.7,115015.0,18.4,19,21,1128361.0,622736.0,55.2,18812.0,3.0,19,21,1247155.0,903060.0,72.4,39030.0,4.3,19,2,1349843.0,1025968.0,77.1,47590.0,4.6,19,21,1591061.0,1184132.0,74.4,22527.0,1.9
Durg,16,2,1462883.0,761323.0,52.0,61468.0,8.1,16,2,1620400.0,905900.0,55.9,9954.0,1.1,16,4,1855781.0,1258342.0,67.8,16848.0,1.3,16,2,1878677.0,1391996.0,74.3,391978.0,28.2,16,2,2090414.0,1542787.0,73.8,438226.0,28.4
East Delhi,18,4,2606589.0,1190884.0,45.7,229779.0,19.3,18,4,1604795.0,857422.0,53.4,241053.0,28.1,18,2,1829578.0,1196336.0,65.4,190463.0,15.9,18,2,1829578.0,1257821.0,69.0,391222.0,31.1,18,2,2120584.0,1264049.0,59.6,93663.0,7.4
Ernakulam,20,7,1069131.0,657891.0,61.5,70099.0,10.7,20,4,1023053.0,745856.0,72.9,11790.0,1.6,20,4,1156467.0,850834.0,73.6,87047.0,10.2,20,4,1190575.0,967203.0,81.7,169153.0,17.5,20,4,1324047.0,910502.0,68.8,250385.0,27.5
Etah,1,1,1128519.0,587065.0,52.0,51335.0,8.7,1,7,1278295.0,568046.0,44.4,128268.0,22.6,1,2,1577457.0,926281.0,58.7,201001.0,21.7,1,2,1587949.0,999607.0,63.3,122670.0,12.3,1,1,1700524.0,1010381.0,59.4,28052.0,2.8
Etawah,1,1,1264620.0,703901.0,55.7,190157.0,27.0,1,1,1416867.0,638202.0,45.0,46746.0,7.3,1,2,1707237.0,939604.0,55.0,172946.0,18.4,1,2,1714935.0,1027815.0,60.3,64437.0,6.3,1,1,1828498.0,1033784.0,56.5,58419.0,5.7
Faizabad,1,3,1326533.0,686478.0,51.8,33486.0,4.9,1,4,1500160.0,749262.0,50.0,54228.0,7.2,1,2,1738701.0,1022716.0,58.8,282775.0,27.6,1,2,1783699.0,1087121.0,61.5,65477.0,6.0,1,1,1927459.0,1140661.0,59.2,54567.0,4.8
Faridabad,6,4,1546578.0,844647.0,54.6,151929.0,18.0,6,4,1103046.0,624896.0,56.7,68201.0,10.9,6,2,1740352.0,1130726.0,65.0,466873.0,41.3,6,2,1926323.0,1327295.0,69.2,638239.0,48.1,6,2,2430212.0,1471322.0,60.5,172914.0,11.8
Faridkot,8,22,1262934.0,893428.0,70.7,135279.0,15.1,8,22,1288090.0,930521.0,72.2,62042.0,6.7,8,42,1455075.0,1032107.0,70.9,172516.0,16.7,8,4,1515062.0,974947.0,65.6,83256.0,8.5,8,7,1594033.0,1014455.0,63.6,70053.0,6.9
Farrukhabad,1,1,1366501.0,665458.0,48.7,2745.0,0.4,1,4,1306214.0,611143.0,46.8,27199.0,4.5,1,2,1613781.0,970677.0,60.2,150502.0,15.5,1,2,1661488.0,1002953.0,60.8,221702.0,22.1,1,2,1747182.0,1033794.0,59.2,2678.0,0.3
Firozabad,1,1,1305888.0,531305.0,40.7,54788.0,10.3,1,1,1422243.0,684881.0,48.2,67301.0,9.8,1,1,1636738.0,1104606.0,67.5,114059.0,10.3,1,2,1698385.0,1075866.0,63.7,28781.0,2.7,1,1,1890772.0,1107296.0,58.6,89312.0,8.1
Gandhinagar,7,2,2126829.0,845212.0,39.7,217138.0,25.7,7,2,1555709.0,791098.0,50.9,121747.0,15.4,7,2,1733972.0,1135495.0,65.5,483121.0,42.5,7,2,1874564.0,1284090.0,69.3,557014.0,43.4,7,2,2182736.0,1321802.0,60.6,744716.0,56.3
Ganganagar,2,2,1337857.0,720451.0,53.9,7393.0,1.0,2,4,1491983.0,910531.0,61.0,140668.0,15.4,2,2,1718421.0,1256806.0,73.1,291741.0,23.2,2,2,1901409.0,1451765.0,77.2,406978.0,28.0,2,4,2102002.0,1413494.0,67.3,88153.0,6.2
Garhwal,5,2,1081299.0,499546.0,46.2,50962.0,10.2,5,4,1092282.0,539608.0,49.4,17397.0,3.2,5,2,1269083.0,682024.0,53.7,184526.0,27.1,5,2,1295238.0,742784.0,58.3,302669.0,40.7,5,2,1369388.0,737431.0,53.9,163503.0,22.2
Gaya,10,11,1436323.0,883374.0,61.5,102934.0,11.7,10,2,1329192.0,563429.0,42.4,62453.0,11.1,10,2,1500751.0,809378.0,53.9,115504.0,14.3,10,8,1698772.0,957248.0,58.1,152426.0,15.9,10,63,1816815.0,963676.0,53.0,101812.0,10.6
Ghazipur,1,1,1476687.0,869032.0,58.9,226777.0,26.1,1,1,1527723.0,770622.0,50.4,69309.0,9.0,1,2,1801519.0,986673.0,54.8,32452.0,3.3,1,3,1832844.0,1105627.0,60.7,119392.0,10.8,1,1,2074883.0,1153094.0,55.6,124861.0,10.8
Ghosi,1,1,1427284.0,721463.0,50.6,21012.0,2.9,1,3,1693231.0,765689.0,45.2,60945.0,8.0,1,2,1891113.0,1039656.0,55.0,146015.0,14.0,1,3,1945291.0,1140781.0,58.9,122568.0,10.7,1,1,2083928.0,1150590.0,55.2,162943.0,14.2
Giridih,19,21,1312691.0,714371.0,54.4,149794.0,21.0,19,2,1346527.0,619311.0,46.0,94738.0,15.3,19,2,1515137.0,969997.0,64.0,40313.0,4.2,19,52,1625806.0,1106918.0,69.3,248347.0,22.4,19,64,1864660.0,1264833.0,67.8,80880.0,6.4
Godda,19,4,1338939.0,831337.0,62.1,26754.0,3.2,19,2,1412253.0,797695.0,56.5,6407.0,0.8,19,2,1590628.0,1049442.0,66.0,60682.0,5.8,19,2,1683948.0,1194036.0,72.0,184227.0,15.4,19,2,2028154.0,1398204.0,68.9,101813.0,7.3
Gonda,1,1,1391430.0,606618.0,43.6,36998.0,6.1,1,4,1341455.0,605257.0,45.1,23675.0,3.9,1,2,1710827.0,873732.0,51.1,160416.0,18.4,1,2,1744625.0,923816.0,53.4,166360.0,18.0,1,2,1843121.0,952884.0,51.7,46224.0,4.9
Gopalganj,10,11,1231178.0,694487.0,56.4,192919.0,27.8,10,8,1349072.0,504611.0,37.4,42472.0,8.4,10,2,1652767.0,903583.0,54.7,286936.0,31.8,10,8,1832200.0,1024876.0,58.8,286434.0,27.9,10,8,2024673.0,1063027.0,52.5,127180.0,12.0
Gorakhpur,1,2,1432002.0,689217.0,48.1,142039.0,20.6,1,2,1696474.0,748613.0,44.1,220271.0,29.4,1,2,1904498.0,1040199.0,54.6,312783.0,30.1,1,2,1960935.0,1184635.0,60.8,301664.0,25.5,1,2,2097202.0,1154413.0,55.1,103526.0,9.0
Gulbarga,13,4,1439006.0,827038.0,57.5,57471.0,6.9,13,4,1543771.0,759481.0,49.2,13404.0,1.8,13,4,1721990.0,997638.0,57.9,74733.0,7.5,13,2,1920070.0,1189361.0,62.5,95452.0,8.0,13,4,2098202.0,1310477.0,62.5,27205.0,2.1
Guna,14,4,1422045.0,668208.0,47.0,86360.0,12.9,14,4,1202772.0,650328.0,54.1,249737.0,38.4,14,4,1605619.0,976629.0,60.8,120792.0,12.4,14,2,1631451.0,1178423.0,73.0,125549.0,10.7,14,2,1889551.0,1373766.0,72.7,540929.0,39.4
Gurdaspur,8,2,1210260.0,785813.0,64.9,24983.0,3.2,8,4,1318967.0,933323.0,70.8,8342.0,0.9,8,2,1500337.0,1042699.0,69.5,136065.0,13.0,8,2,1535937.0,1103887.0,72.5,82459.0,7.5,8,4,1605204.0,1077826.0,67.2,82861.0,7.7
Gwalior,14,4,1381464.0,564497.0,40.9,35864.0,6.4,14,2,1420728.0,584165.0,41.1,26591.0,4.6,14,2,1877003.0,990912.0,52.8,29699.0,3.0,14,2,1938511.0,1196096.0,62.0,146842.0,12.3,14,2,2154601.0,1343229.0,62.3,70210.0,5.2
Hajipur,10,23,1208834.0,773565.0,64.0,237801.0,30.7,10,8,1327075.0,555110.0,41.8,37954.0,6.8,10,23,1649547.0,904753.0,54.9,225500.0,24.9,10,23,1810137.0,1006817.0,57.0,205449.0,20.4,10,65,1967094.0,1155324.0,58.7,170105.0,14.7
Hardoi,1,1,1213260.0,522063.0,43.0,39203.0,7.5,1,1,1416949.0,575093.0,40.6,92935.0,16.2,1,2,1714387.0,972894.0,56.8,81343.0,8.4,1,2,1775274.0,1057558.0,60.2,132474.0,12.5,1,2,1910485.0,1100116.0,57.6,27856.0,2.5
Hardwar,5,1,914440.0,486341.0,53.2,37659.0,7.7,5,4,1294280.0,788217.0,60.9,127412.0,16.2,5,2,1642873.0,1175692.0,71.6,177822.0,15.1,5,2,1785889.0,1271030.0,71.5,258729.0,20.4,5,2,2035726.0,1302623.0,64.0,164056.0,12.6
Hassan,13,18,1292878.0,910103.0,70.4,190305.0,20.9,13,18,1417213.0,980318.0,69.2,291113.0,29.7,13,18,1561336.0,1147172.0,73.5,100462.0,8.8,13,18,1630952.0,1277552.0,79.1,141324.0,11.1,13,4,1736610.0,1355007.0,78.0,42649.0,3.1
Hathras,1,2,1212983.0,492076.0,40.6,22837.0,4.6,1,13,1437725.0,648539.0,45.1,36852.0,5.7,1,2,1758927.0,1049273.0,59.7,326386.0,31.1,1,2,1799499.0,1150294.0,64.4,260208.0,22.6,1,2,1938080.0,1082720.0,55.9,247318.0,22.8
Hazaribagh,19,17,1180058.0,705438.0,59.8,105328.0,14.9,19,2,1301651.0,690936.0,53.1,40164.0,5.8,19,2,1518831.0,967152.0,63.7,159128.0,16.5,19,2,1518831.0,1080929.0,71.7,479548.0,44.4,19,2,1939374.0,1264667.0,65.2,276686.0,21.9
Hingoli,3,15,1189303.0,727547.0,61.2,12545.0,1.7,3,6,1369774.0,817580.0,59.7,73634.0,9.0,3,4,1586194.0,1051164.0,66.3,1632.0,0.2,3,6,1659433.0,1157516.0,70.0,277856.0,24.0,3,66,1817734.0,1159300.0,63.8,108602.0,9.4
Hooghly,4,10,1161683.0,919683.0,79.2,166966.0,18.2,4,32,1405684.0,1163978.0,82.8,81523.0,7.0,4,32,1630042.0,1348870.0,82.8,189084.0,14.0,4,2,1373449.0,1457842.0,107.1,73362.0,5.0,4,32,1858067.0,1517511.0,81.7,76853.0,5.1
Hoshangabad,14,2,1287203.0,633736.0,49.2,136409.0,21.5,14,4,1297404.0,712284.0,54.9,19245.0,2.7,14,2,1568127.0,1031175.0,65.8,389960.0,37.8,14,2,1650087.0,1265869.0,77.8,553682.0,43.7,14,2,1855692.0,1249692.0,67.3,431696.0,34.5
Hoshiarpur,8,2,1137423.0,655662.0,57.6,104371.0,15.9,8,4,1299234.0,843123.0,64.9,366.0,0.0,8,2,1485286.0,961297.0,64.7,13582.0,1.4,8,2,1548898.0,990791.0,64.8,48530.0,4.9,8,42,1601826.0,948485.0,59.2,44111.0,4.7
Howrah,4,10,1240427.0,909246.0,73.3,246937.0,27.2,4,32,1344746.0,994315.0,73.9,37392.0,3.8,4,32,1505099.0,1125399.0,74.8,196956.0,17.5,4,32,1796175.0,1222293.0,68.4,103695.0,8.5,4,32,1769184.0,1271796.0,71.9,169442.0,13.3
Hyderabad,0,24,1770725.0,986387.0,55.7,100145.0,10.2,0,24,1393242.0,730544.0,52.4,113865.0,15.6,31,24,1823664.0,971421.0,53.3,202454.0,20.8,31,53,1927685.0,877872.0,45.8,282186.0,32.1,31,53,2217094.0,1080324.0,48.7,338087.0,31.3
Idukki,20,25,1034338.0,727964.0,70.4,69384.0,9.5,20,4,1062849.0,787236.0,74.1,74796.0,9.5,20,7,1158735.0,819766.0,70.8,50542.0,6.2,20,4,1160824.0,919297.0,79.7,171053.0,18.6,20,4,1250157.0,840657.0,67.2,133727.0,15.9
Indore,14,2,1678030.0,854240.0,50.9,193936.0,22.7,14,2,1570094.0,797171.0,50.8,11480.0,1.4,14,2,2115303.0,1316817.0,62.3,466901.0,35.5,14,2,2235342.0,1629108.0,73.1,547754.0,33.6,14,2,2526803.0,1561968.0,61.8,1175092.0,75.2
Inner Manipur,21,4,740718.0,416376.0,56.2,49333.0,11.8,21,4,826755.0,583323.0,70.6,30960.0,5.3,21,4,855359.0,640871.0,74.9,94674.0,14.8,21,2,855359.0,759301.0,89.1,17755.0,2.3,21,4,991574.0,796897.0,80.4,109801.0,13.8
Jabalpur,14,2,1347885.0,572548.0,42.5,99531.0,17.4,14,2,1446345.0,633495.0,43.8,106003.0,16.7,14,2,1711683.0,1002184.0,58.6,208639.0,20.8,14,2,1767369.0,1263573.0,71.7,454744.0,36.0,14,2,1896346.0,1158545.0,61.0,486674.0,42.0
Jadavpur,4,10,1354946.0,1019775.0,75.3,89668.0,8.8,4,32,1331537.0,1085301.0,81.5,56267.0,5.2,4,32,1595746.0,1272362.0,79.7,125203.0,9.8,4,32,1990328.0,1436894.0,73.0,295239.0,20.5,4,32,2033525.0,1566509.0,77.0,258201.0,16.5
Jagatsinghpur,12,12,1301496.0,928017.0,71.3,57262.0,6.2,12,17,1455406.0,982922.0,67.5,76735.0,7.8,12,12,1499673.0,1131932.0,75.5,276394.0,24.4,12,12,1584635.0,1229190.0,78.0,271655.0,22.1,12,2,1700814.0,1286287.0,75.6,40696.0,3.2
Jahanabad,10,11,1246756.0,863788.0,69.3,46438.0,5.4,10,8,1276912.0,599175.0,46.9,21327.0,3.6,10,43,1423246.0,811516.0,57.0,42340.0,5.2,10,8,1573907.0,822065.0,54.0,1751.0,0.2,10,11,1670327.0,925370.0,55.1,142591.0,15.4
Jaipur,2,2,1896856.0,880276.0,46.4,107186.0,12.2,2,4,1684541.0,812957.0,48.3,16099.0,2.0,2,2,1957818.0,1296806.0,66.2,539345.0,41.6,2,2,2043881.0,1456404.0,71.6,430626.0,29.6,2,2,2287350.0,1463258.0,64.0,331767.0,22.7
Jajpur,12,12,1278758.0,876068.0,68.5,51466.0,5.9,12,12,1227088.0,817649.0,66.6,127747.0,15.6,12,12,1303733.0,980435.0,75.2,320271.0,32.7,12,12,1413322.0,1092084.0,77.8,101693.0,9.3,12,2,1545664.0,1161208.0,75.1,1587.0,0.1
Jalaun,1,2,1310156.0,579748.0,44.3,26791.0,4.6,1,1,1684988.0,797588.0,47.3,11409.0,1.4,1,2,1903332.0,1109166.0,58.3,287202.0,25.9,1,2,1470521.0,1129955.0,77.7,158377.0,14.0,1,1,2006161.0,1128949.0,56.3,53898.0,4.8
Jalgaon,3,2,1239241.0,616072.0,49.7,20646.0,3.4,3,2,1549391.0,656612.0,42.4,96020.0,14.6,3,2,1707933.0,990332.0,58.0,383525.0,38.7,3,2,1845368.0,1088277.0,59.5,411617.0,37.8,3,2,1994046.0,1169553.0,58.7,251594.0,21.5
Jalna,3,2,1242929.0,755991.0,60.8,61332.0,8.1,3,2,1426255.0,797213.0,55.9,8482.0,1.1,3,2,1612054.0,1066259.0,66.1,206798.0,19.4,3,2,1765712.0,1208139.0,69.3,332815.0,27.5,3,4,1967574.0,1363409.0,69.3,109958.0,8.1
Jalore,2,2,1428584.0,654757.0,45.8,39192.0,6.0,2,2,1520957.0,577810.0,38.0,49805.0,8.6,2,2,1824968.0,1087272.0,59.6,381145.0,35.1,2,2,1600603.0,1361619.0,86.2,261110.0,19.2,2,2,2297328.0,1451126.0,63.2,201543.0,13.9
Jalpaiguri,4,10,1104784.0,884971.0,80.1,180605.0,20.4,4,10,1252142.0,1032242.0,82.4,88371.0,8.6,4,32,1531469.0,1302117.0,85.0,69606.0,5.3,4,2,1618231.0,1500922.0,94.0,184004.0,12.3,4,2,1885963.0,1578389.0,83.7,86693.0,5.5
Jamnagar,7,4,1072175.0,433392.0,40.4,5593.0,1.3,7,4,1298599.0,594603.0,45.8,26418.0,4.4,7,2,1470952.0,852643.0,58.0,175289.0,20.6,7,2,1615693.0,1010965.0,63.1,236804.0,23.4,7,2,1817864.0,1051235.0,57.8,238008.0,22.6
Jamshedpur,19,21,1372125.0,776508.0,56.6,105633.0,13.6,19,2,1380279.0,705570.0,51.1,119663.0,17.0,19,2,1581665.0,1049140.0,66.3,99876.0,9.5,19,2,1658549.0,1144226.0,69.3,302090.0,26.4,19,2,1869278.0,1277629.0,68.4,259782.0,20.3
Jangipur,4,4,1082151.0,881248.0,81.4,36860.0,4.2,4,4,1087054.0,934813.0,86.0,128149.0,13.7,4,4,1391656.0,1119084.0,80.4,8161.0,0.7,4,32,1713293.0,1304504.0,76.8,245782.0,18.8,4,32,1805360.0,1369633.0,75.9,116637.0,8.5
Jaunpur,1,1,1515676.0,714077.0,47.1,27125.0,3.8,1,3,1662127.0,763987.0,46.0,80351.0,10.5,1,2,1848842.0,1007143.0,54.5,146310.0,14.5,1,3,1759456.0,1040652.0,59.3,80936.0,7.8,1,1,1977237.0,1101788.0,55.7,99335.0,9.0
Jhanjharpur,10,11,1163817.0,704243.0,60.5,12835.0,1.8,10,8,1418977.0,607835.0,42.8,72709.0,12.0,10,2,1650753.0,941249.0,57.0,55408.0,5.9,10,8,1835089.0,1060562.0,58.3,322951.0,30.5,10,8,2003040.0,1093741.0,54.6,184169.0,16.8
Jhansi,1,1,1526320.0,819636.0,53.7,26299.0,3.2,1,4,1562082.0,861858.0,55.2,47670.0,5.5,1,2,1932015.0,1320804.0,68.4,190467.0,14.4,1,2,2385972.0,1380890.0,58.6,365683.0,26.5,1,2,2161221.0,1380506.0,63.9,102614.0,7.4
Jhargram,4,10,1029496.0,793099.0,77.0,351343.0,44.3,4,10,1241574.0,958825.0,77.2,292345.0,30.5,4,32,1475112.0,1257613.0,85.3,347883.0,27.7,4,2,1522363.0,1406214.0,93.5,11767.0,0.8,4,32,1779794.0,1490843.0,83.8,174048.0,11.7
Jhunjhunu,2,4,1370602.0,679614.0,49.6,23355.0,3.4,2,4,1432581.0,603278.0,42.1,65332.0,10.8,2,2,1696788.0,1006465.0,59.3,233835.0,23.2,2,2,1869883.0,1198927.0,64.6,302547.0,25.2,2,4,2068540.0,1118927.0,54.1,18235.0,1.6
Jodhpur,2,2,1572050.0,863578.0,54.9,42495.0,4.9,2,4,1506821.0,684623.0,45.4,98329.0,14.4,2,2,1727363.0,1078598.0,62.4,410051.0,38.0,2,2,1888942.0,1346243.0,71.9,274440.0,20.4,2,2,2132713.0,1383838.0,64.9,115677.0,8.4
Jorhat,15,4,1078149.0,667973.0,62.0,51292.0,7.7,15,4,1182349.0,765059.0,64.7,71914.0,9.4,15,2,1234448.0,931336.0,75.5,102420.0,11.0,15,2,1319952.0,1057965.0,81.1,82653.0,7.8,15,4,1727121.0,1391160.0,80.6,144393.0,10.4
Joynagar,4,5,1136859.0,806749.0,71.0,230521.0,28.6,4,7,1143640.0,915801.0,80.1,53705.0,5.9,4,32,1458724.0,1186052.0,81.3,108384.0,9.1,4,32,1805964.0,1356102.0,75.7,316775.0,23.4,4,32,1844780.0,1482631.0,80.3,470219.0,31.7
Junagadh,7,4,1239398.0,658280.0,53.1,40921.0,6.2,7,2,1313064.0,760085.0,57.9,13759.0,1.8,7,2,1485543.0,941378.0,63.4,135832.0,14.4,7,2,1576209.0,1005224.0,64.8,150185.0,14.9,7,2,1795110.0,1068253.0,59.5,135494.0,12.7
Kairana,1,13,1220829.0,816700.0,66.9,342414.0,41.9,1,3,1282551.0,725359.0,56.6,22463.0,3.1,1,2,1531755.0,1119324.0,73.1,236828.0,21.2,1,2,1599120.0,1124047.0,70.5,92160.0,8.2,1,1,1722432.0,1079806.0,62.7,69116.0,6.4
Kaiserganj,1,1,1272807.0,569938.0,44.8,12660.0,2.2,1,1,1376267.0,565673.0,41.1,72199.0,12.8,1,2,1711967.0,943357.0,55.1,78218.0,8.3,1,2,1779143.0,981400.0,55.9,261601.0,26.7,1,2,1904726.0,1062099.0,55.8,148843.0,14.0
Kalahandi,12,2,1132680.0,753897.0,66.6,34122.0,4.5,12,4,1421959.0,980310.0,68.9,154037.0,15.7,12,12,1474135.0,1117536.0,75.8,56347.0,5.0,12,2,1563160.0,1228292.0,79.9,26814.0,2.2,12,2,1700780.0,1334244.0,78.5,133813.0,10.0
Kangra,22,4,1033686.0,640345.0,62.0,17791.0,2.8,22,2,1200165.0,662248.0,55.2,20779.0,3.1,22,2,1258601.0,799445.0,63.5,170072.0,21.3,22,2,1258601.0,1006989.0,80.9,477623.0,47.4,22,2,1502514.0,1036868.0,69.0,251895.0,24.3
Kanker,16,2,1152128.0,553195.0,48.0,73626.0,13.3,16,2,1296734.0,742076.0,57.2,19288.0,2.6,16,2,1447774.0,1016943.0,70.2,35158.0,3.5,16,2,1531469.0,1159193.0,77.4,6914.0,0.6,16,2,1654440.0,1265429.0,76.5,1884.0,0.1
Kannauj,1,1,1346673.0,759336.0,56.4,307373.0,40.5,1,1,1504276.0,741965.0,49.3,115864.0,15.6,1,1,1808889.0,1114460.0,61.6,19907.0,1.8,1,2,1827515.0,1140496.0,62.9,12353.0,1.1,1,1,1988925.0,1217833.0,61.2,170922.0,14.0
Kanpur,1,4,1427231.0,618698.0,43.4,5638.0,0.9,1,4,1390055.0,512917.0,36.9,18906.0,3.7,1,2,1611248.0,835079.0,51.8,222946.0,26.7,1,2,1936426.0,842994.0,43.7,155934.0,18.5,1,2,1662859.0,887396.0,53.4,20968.0,2.4
Karimnagar,0,0,1344786.0,874367.0,65.0,131168.0,15.0,0,4,1496211.0,991417.0,66.3,50243.0,5.1,31,0,1550834.0,1125691.0,72.6,205077.0,18.2,31,2,1544460.0,1147697.0,74.8,89508.0,7.8,31,2,1797150.0,1312852.0,73.1,225209.0,17.2
Karnal,6,4,1240344.0,818605.0,66.0,164762.0,20.1,6,4,1216977.0,811067.0,66.7,76346.0,9.4,6,2,1684321.0,1193500.0,70.9,360147.0,30.2,6,2,1821231.0,1300722.0,71.7,656142.0,50.4,6,2,2104229.0,1345892.0,64.0,232577.0,17.3
Karur,9,19,1069359.0,742800.0,69.5,190876.0,25.7,9,36,1012924.0,825860.0,81.5,47254.0,5.7,9,36,1298322.0,1046534.0,80.6,195247.0,18.7,9,4,1365804.0,1103165.0,81.5,420546.0,38.1,9,4,1429790.0,1132045.0,79.1,166816.0,14.7
Kasaragod,20,10,1160134.0,898746.0,77.5,108256.0,12.0,20,10,1113892.0,848205.0,76.2,64427.0,7.6,20,10,1243730.0,974215.0,78.3,6921.0,0.7,20,4,1305827.0,1100051.0,84.6,40438.0,3.7,20,4,1452230.0,1112546.0,76.6,100649.0,9.0
Katihar,10,2,1158042.0,704422.0,60.8,2565.0,0.4,10,2,1272769.0,724942.0,57.0,14015.0,1.9,10,15,1446478.0,977830.0,67.6,114740.0,11.7,10,8,1645713.0,1117734.0,69.2,57203.0,5.1,10,4,1833009.0,1171546.0,63.9,49863.0,4.3
Kendrapara,12,12,1186834.0,836194.0,70.5,86843.0,10.4,12,12,1434425.0,982950.0,68.5,127107.0,12.9,12,12,1555444.0,1140999.0,73.4,209108.0,18.3,12,12,1658168.0,1236466.0,75.0,152584.0,12.3,12,2,1792723.0,1277108.0,71.2,66536.0,5.2
Keonjhar,12,2,1183472.0,814619.0,68.8,49209.0,6.0,12,12,1265225.0,892274.0,70.5,126484.0,14.2,12,12,1346683.0,1083869.0,80.5,157317.0,14.5,12,12,1449996.0,1176292.0,82.5,66203.0,5.6,12,2,1588179.0,1256615.0,79.1,97042.0,7.7
Khagaria,10,11,1196971.0,675969.0,56.5,67123.0,9.9,10,8,1342970.0,624966.0,46.5,138755.0,22.2,10,23,1492068.0,896231.0,60.1,76003.0,8.5,10,23,1653928.0,966813.0,58.9,248570.0,25.7,10,65,1840217.0,1061894.0,57.7,161131.0,15.2
Khajuraho,14,2,1552876.0,771830.0,49.7,111781.0,14.5,14,2,1349511.0,583085.0,43.2,28332.0,4.9,14,2,1702794.0,874477.0,51.4,247490.0,28.3,14,2,1801044.0,1257783.0,70.4,492382.0,39.1,14,2,1997483.0,1140570.0,57.1,541229.0,47.5
Khammam,0,4,1298614.0,1020523.0,78.6,108888.0,10.7,0,28,1259815.0,1038421.0,82.4,124448.0,12.0,31,44,1440289.0,1182897.0,82.1,11974.0,1.0,31,0,1441181.0,1139831.0,80.2,168062.0,14.7,31,4,1631039.0,1251283.0,76.7,467847.0,37.4
Khandwa,14,2,1217726.0,605099.0,49.7,102737.0,17.0,14,4,1355325.0,813214.0,60.0,49081.0,6.0,14,2,1759410.0,1257327.0,71.5,259714.0,20.7,14,2,1849606.0,1468138.0,80.2,273343.0,18.6,14,2,2112203.0,1512542.0,71.6,269971.0,17.8
Khargone,14,2,1287299.0,651747.0,50.6,58617.0,9.0,14,2,1263778.0,760779.0,60.2,34175.0,4.5,14,2,1703271.0,1152525.0,67.7,257879.0,22.4,14,2,1783776.0,1427607.0,81.1,202510.0,14.2,14,2,2046030.0,1558778.0,76.2,135018.0,8.7
Kheri,1,1,1437563.0,706706.0,49.2,11760.0,1.7,1,4,1297088.0,707983.0,54.6,8777.0,1.2,1,2,1679466.0,1077868.0,64.2,110274.0,10.2,1,2,1729085.0,1136660.0,66.2,218807.0,19.2,1,1,1870170.0,1213359.0,64.9,34329.0,2.8
Khunti,19,4,904846.0,490772.0,54.2,51226.0,10.4,19,2,980868.0,510352.0,52.0,80175.0,15.7,19,2,1111852.0,736955.0,66.3,92248.0,12.5,19,2,1165658.0,832377.0,73.2,1445.0,0.2,19,4,1326138.0,936682.0,70.6,149675.0,16.0
Kishanganj,10,11,1278476.0,813315.0,63.6,160497.0,19.7,10,4,1186369.0,626914.0,52.8,80269.0,12.8,10,4,1438990.0,928490.0,64.5,194612.0,21.0,10,4,1652940.0,1101603.0,67.8,34466.0,3.1,10,4,1829994.0,1151099.0,62.9,59692.0,5.2
Kodarma,19,2,1325734.0,825697.0,62.3,154944.0,18.8,19,37,1390428.0,780555.0,56.1,48520.0,6.2,19,2,1639629.0,1024906.0,62.5,98654.0,9.6,19,2,1765156.0,1209541.0,70.3,455600.0,37.7,19,2,2205318.0,1369964.0,62.1,377014.0,27.5
Kokrajhar,15,7,1216553.0,966915.0,79.5,484129.0,50.1,15,38,1377837.0,1015053.0,73.7,190322.0,18.7,15,7,1505476.0,1223869.0,81.3,355779.0,29.1,15,7,1510051.0,1479485.0,99.0,37786.0,2.6,15,67,1484571.0,1241496.0,83.6,51583.0,4.2
Kolar,13,4,1262765.0,907296.0,71.9,11635.0,1.3,13,4,1340923.0,928350.0,69.2,23006.0,2.5,13,4,1492975.0,1127323.0,75.5,47850.0,4.2,13,2,1608229.0,1258551.0,79.1,210021.0,16.7,13,18,1726914.0,1355228.0,78.5,71388.0,5.3
Kolhapur,3,15,1162212.0,811534.0,69.8,14753.0,1.8,3,7,1583030.0,1029203.0,65.0,44800.0,4.4,3,15,1758300.0,1260289.0,71.7,33259.0,2.6,3,6,1805949.0,1330852.0,74.2,270568.0,20.3,3,4,1936403.0,1393326.0,72.0,154964.0,11.1
Koppal,13,4,1413496.0,892586.0,63.2,43623.0,4.9,13,2,1363431.0,754803.0,55.4,81789.0,10.8,13,2,1535105.0,1006508.0,65.6,32414.0,3.2,13,2,1706900.0,1190347.0,70.4,38397.0,3.2,13,4,1866397.0,1328936.0,71.2,46357.0,3.5
Koraput,12,4,1139590.0,735544.0,64.5,43267.0,5.9,12,12,1217768.0,759610.0,62.4,96360.0,12.7,12,12,1300437.0,989444.0,76.1,19328.0,2.0,12,4,1385228.0,1080161.0,80.6,3613.0,0.3,12,4,1480922.0,1148842.0,77.6,147744.0,12.9
Kota,2,2,1327073.0,578740.0,43.6,71778.0,12.4,2,4,1498971.0,682181.0,45.5,83093.0,12.2,2,2,1744539.0,1154960.0,66.2,200782.0,17.4,2,2,1900514.0,1367034.0,72.6,279677.0,20.5,2,2,2088023.0,1500157.0,71.9,41974.0,2.8
Kottayam,20,10,963886.0,703486.0,73.0,42914.0,6.1,20,39,1095242.0,809844.0,73.9,71570.0,8.8,20,39,1161463.0,831636.0,71.6,120599.0,14.5,20,39,1168104.0,910339.0,78.6,106259.0,11.7,20,25,1254823.0,836223.0,66.6,87266.0,10.4
Krishnagiri,9,19,1252580.0,737744.0,58.9,119222.0,16.2,9,19,1014758.0,752583.0,74.2,76598.0,10.2,9,36,1379957.0,1068391.0,77.4,206591.0,19.3,9,4,1482269.0,1161369.0,79.7,156765.0,13.5,9,4,1623179.0,1166156.0,71.8,192486.0,16.5
Kurukshetra,6,4,1161933.0,850680.0,73.2,160190.0,18.8,6,4,1166684.0,875415.0,75.0,118729.0,13.6,6,2,1498459.0,1135892.0,75.8,129736.0,11.4,6,2,1579115.0,1230202.0,78.1,384591.0,31.3,6,2,1794300.0,1205872.0,67.2,29021.0,2.4
Lakhimpur,15,20,1126632.0,800101.0,71.0,28148.0,3.5,15,4,1332518.0,909812.0,68.3,44572.0,4.9,15,2,1430994.0,1111975.0,77.7,292138.0,26.3,15,2,1621466.0,1283589.0,80.1,350551.0,27.3,15,2,1577234.0,1211214.0,76.8,201257.0,16.6
Lalganj,1,1,1558349.0,763526.0,49.0,42731.0,5.6,1,3,1509536.0,659042.0,43.7,39948.0,6.1,1,2,1661483.0,898655.0,54.1,63086.0,7.0,1,3,1733044.0,960568.0,55.7,161597.0,16.8,1,1,1838882.0,1003438.0,54.6,115023.0,11.5
Latur,3,2,1293202.0,820746.0,63.5,30891.0,3.8,3,4,1509987.0,829585.0,54.9,7975.0,1.0,3,2,1682607.0,1057156.0,62.8,253395.0,24.0,3,2,1802702.0,1176542.0,65.6,289111.0,24.6,3,4,1977042.0,1239079.0,62.7,61881.0,5.0
Lohardaga,19,4,906666.0,467336.0,51.5,90255.0,19.3,19,2,981666.0,522402.0,53.2,8283.0,1.6,19,2,1119144.0,651460.0,58.2,6489.0,1.0,19,2,1187646.0,817550.0,69.8,10363.0,1.3,19,4,1441302.0,967125.0,67.1,139138.0,14.4
Lucknow,1,2,1639922.0,578501.0,35.3,218375.0,37.7,1,2,1653123.0,587772.0,35.6,40901.0,7.0,1,2,1949956.0,1033783.0,53.0,272749.0,26.4,1,2,1939448.0,1116445.0,58.0,347302.0,31.1,1,2,2172171.0,1136892.0,52.3,135159.0,11.9
Ludhiana,8,22,1560468.0,869922.0,55.8,29540.0,3.4,8,4,1309308.0,846277.0,64.6,113706.0,13.4,8,4,1561201.0,1100457.0,70.5,19709.0,1.8,8,4,1641976.0,1046955.0,64.4,76372.0,7.3,8,4,1758614.0,1059157.0,60.2,20942.0,2.0
Machhlishahr,1,3,1474056.0,676977.0,45.9,55382.0,8.2,1,1,1751074.0,717824.0,41.0,24306.0,3.4,1,2,1891969.0,997902.0,52.7,172155.0,17.3,1,2,1777073.0,1034925.0,58.9,181.0,0.0,1,1,1940605.0,1060063.0,54.6,35850.0,3.4
Madhepura,10,11,1187490.0,695657.0,58.6,69987.0,10.1,10,8,1508361.0,756468.0,50.2,177621.0,23.5,10,11,1725578.0,1034799.0,60.0,56209.0,5.4,10,8,1874003.0,1147274.0,63.3,301527.0,26.3,10,8,2071166.0,1209695.0,58.4,174534.0,14.4
Madhubani,10,4,1257633.0,695136.0,55.3,87079.0,12.5,10,2,1397256.0,556572.0,39.8,9927.0,1.8,10,2,1627969.0,860453.0,52.9,20535.0,2.4,10,2,1780846.0,963708.0,54.4,454940.0,47.2,10,2,1934980.0,1027728.0,53.1,151945.0,14.8
Madurai,9,10,1344023.0,738136.0,54.9,132840.0,18.0,9,19,1022421.0,792011.0,77.5,140985.0,17.8,9,36,1441434.0,978346.0,67.9,197436.0,20.2,9,51,1521452.0,1016026.0,67.8,139395.0,13.7,9,51,1582271.0,986969.0,62.4,209409.0,21.2
Mahasamund,16,4,1169419.0,770599.0,65.9,118505.0,15.4,16,2,1369154.0,776337.0,56.7,51475.0,6.6,16,2,1515747.0,1131209.0,74.6,1217.0,0.1,16,2,1613418.0,1222335.0,77.1,90511.0,7.4,16,2,1762477.0,1326080.0,75.2,145456.0,11.0
Mainpuri,1,1,1211002.0,719797.0,59.4,337870.0,46.9,1,1,1399259.0,696701.0,49.8,173069.0,24.8,1,1,1653065.0,999265.0,60.5,364666.0,36.5,1,1,1681508.0,976518.0,58.5,94389.0,9.7,1,1,1790797.0,1054011.0,58.9,221639.0,21.0
Mandi,22,4,1065083.0,665196.0,62.5,66566.0,10.0,22,4,1112524.0,713687.0,64.2,13997.0,2.0,22,2,1150408.0,726094.0,63.1,39856.0,5.5,22,2,1150408.0,941371.0,82.3,405459.0,43.1,22,2,1364060.0,1015810.0,74.5,74755.0,7.4
Mandla,14,2,1095134.0,588178.0,53.7,64897.0,11.0,14,4,1528061.0,860093.0,56.3,65053.0,7.6,14,2,1824424.0,1218518.0,66.8,110469.0,9.1,14,2,1901547.0,1517255.0,81.5,97674.0,6.4,14,2,2101811.0,1535632.0,73.1,103846.0,6.8
Mandya,13,4,1198750.0,856067.0,71.4,124438.0,14.5,13,18,1499744.0,1031797.0,68.8,23500.0,2.3,13,18,1669262.0,1192638.0,71.5,5518.0,0.5,13,7,1684216.0,1379210.0,82.1,125876.0,9.1,13,18,1779243.0,1460267.0,82.1,284620.0,19.5
Mathura,1,4,1277346.0,601855.0,47.1,38132.0,6.3,1,13,1341649.0,726769.0,54.2,169613.0,23.3,1,2,1682260.0,1076868.0,64.0,330743.0,30.7,1,2,1748275.0,1102731.0,63.4,293471.0,26.6,1,2,1929550.0,957046.0,49.6,293407.0,30.7
Mathurapur,4,10,1113351.0,905415.0,81.3,82028.0,9.1,4,32,1227376.0,1049016.0,85.5,129963.0,12.4,4,32,1488784.0,1265531.0,85.0,138436.0,10.9,4,32,1810407.0,1401953.0,77.8,203974.0,14.5,4,32,1817068.0,1496024.0,82.0,201057.0,13.4
Mayurbhanj,12,21,990544.0,695815.0,70.3,7972.0,1.1,12,12,1173650.0,825506.0,70.3,66178.0,8.0,12,12,1327555.0,1053399.0,79.4,122866.0,11.7,12,2,1437970.0,1150357.0,81.5,25256.0,2.2,12,2,1542927.0,1174050.0,76.1,219334.0,18.7
Medak,0,0,1259126.0,899374.0,71.4,123766.0,13.8,0,0,1389721.0,1062584.0,76.5,6077.0,0.6,31,0,1536715.0,1191096.0,77.5,397029.0,33.3,31,0,1514728.0,1150223.0,77.0,316427.0,27.5,31,2,1828210.0,1386239.0,75.8,39139.0,2.8
Meerut,1,3,1329974.0,697471.0,52.4,69336.0,9.9,1,2,1508788.0,727732.0,48.2,47146.0,6.5,1,2,1764388.0,1113384.0,63.1,232326.0,20.9,1,2,1817780.0,1216413.0,67.3,4729.0,0.4,1,2,2000530.0,1182479.0,59.1,10585.0,0.9
Mirzapur,1,3,1630287.0,728003.0,44.7,36412.0,5.0,1,1,1405539.0,732859.0,52.1,19682.0,2.7,1,45,1720661.0,1007627.0,58.6,219079.0,21.7,1,54,1805890.0,1108965.0,62.3,232008.0,20.9,1,54,1906327.0,1105405.0,58.0,37810.0,3.4
Misrikh,1,3,1234107.0,551699.0,44.7,19403.0,3.5,1,3,1464770.0,607911.0,41.5,23292.0,3.8,1,2,1725585.0,998314.0,57.9,87363.0,8.8,1,2,1762049.0,1026668.0,58.8,100672.0,9.8,1,2,1878195.0,1051983.0,56.0,33406.0,3.2
Mizoram,23,26,549959.0,345372.0,62.8,23694.0,6.9,23,4,629374.0,332553.0,52.8,108955.0,32.8,23,4,702170.0,433201.0,61.7,6154.0,1.4,23,26,725057.0,499621.0,69.3,8140.0,1.6,23,68,856364.0,491336.0,57.4,68288.0,13.9
Mohanlalganj,1,1,1278376.0,571848.0,44.7,2568.0,0.4,1,1,1500237.0,694220.0,46.3,76595.0,11.0,1,2,1838194.0,1116588.0,60.7,145416.0,13.0,1,2,1915170.0,1269040.0,66.8,90229.0,7.1,1,1,2187232.0,1377452.0,63.0,70292.0,5.1
Moradabad,1,1,1353266.0,655173.0,48.4,35840.0,5.5,1,4,1388525.0,761683.0,54.9,49107.0,6.4,1,2,1772046.0,1127965.0,63.7,87504.0,7.8,1,1,1886615.0,1282206.0,68.3,97878.0,7.6,1,1,2059578.0,1283185.0,62.3,105762.0,8.2
Morena,14,2,1434889.0,486871.0,33.9,147320.0,30.3,14,2,1339897.0,710660.0,53.0,100997.0,14.2,14,2,1702492.0,854279.0,50.2,132981.0,15.6,14,2,1739025.0,1137290.0,65.5,113341.0,10.0,14,2,2006730.0,1187331.0,59.2,52530.0,4.4
Mumbai North,3,4,2377866.0,1119246.0,47.1,48271.0,4.3,3,4,1608924.0,685035.0,42.6,5779.0,0.8,3,2,1783870.0,946562.0,53.1,446582.0,47.2,3,2,1563706.0,989759.0,64.1,465247.0,47.0,3,2,1811942.0,1035493.0,57.2,357608.0,34.5
Mumbai North Central,3,4,1117487.0,514561.0,46.1,13329.0,2.6,3,4,1681985.0,664652.0,39.5,174555.0,26.3,3,2,1738894.0,845292.0,48.6,186771.0,22.1,3,2,1610246.0,901784.0,56.7,130005.0,14.4,3,4,1744128.0,910562.0,52.2,16514.0,1.8
Mumbai North East,3,4,1974560.0,925623.0,46.9,99400.0,10.7,3,15,1572890.0,667955.0,42.5,2933.0,0.4,3,2,1668357.0,861761.0,51.7,317122.0,36.8,3,2,1527514.0,908993.0,60.3,226486.0,24.9,3,66,1636890.0,926469.0,56.6,29861.0,3.2
Mumbai North West,3,4,1515745.0,747677.0,49.3,47358.0,6.3,3,4,1604992.0,707303.0,44.1,38387.0,5.4,3,6,1775428.0,895517.0,50.4,183028.0,20.4,3,6,1908991.0,941497.0,50.3,260328.0,27.7,3,6,1735088.0,954939.0,55.0,48.0,0.0
Mumbai South,3,4,620431.0,274343.0,44.2,10246.0,3.7,3,4,1589811.0,641597.0,40.4,112682.0,17.6,3,6,1485846.0,780715.0,52.5,128148.0,16.4,3,6,1537955.0,801611.0,53.1,100067.0,12.5,3,66,1536168.0,773113.0,50.3,52673.0,6.8
Mumbai South Central,3,6,704452.0,347937.0,49.4,22188.0,6.4,3,4,1515899.0,598877.0,39.5,75706.0,12.6,3,6,1447885.0,769060.0,53.1,138342.0,18.0,3,6,1388390.0,797250.0,58.4,152139.0,19.1,3,66,1474405.0,794524.0,53.9,53384.0,6.7
Murshidabad,4,4,1197170.0,1003469.0,83.8,15480.0,1.5,4,4,1192899.0,1052242.0,88.2,35647.0,3.4,4,10,1512098.0,1287763.0,85.2,18453.0,1.4,4,32,1824697.0,1453755.0,80.5,226417.0,15.6,4,32,1888097.0,1541559.0,81.7,164215.0,10.7
Muzaffarnagar,1,1,1521778.0,862387.0,56.7,69005.0,8.0,1,3,1370117.0,744973.0,54.4,20598.0,2.8,1,2,1588483.0,1107434.0,69.7,401150.0,36.2,1,2,1647368.0,1160071.0,70.7,6526.0,0.6,1,1,1817472.0,1078669.0,59.4,24672.0,2.3
Muzaffarpur,10,8,1237345.0,783974.0,63.4,9693.0,1.2,10,8,1339949.0,621870.0,46.4,47809.0,7.7,10,2,1551363.0,948887.0,61.2,222422.0,23.4,10,2,1710868.0,1058086.0,62.4,409988.0,38.7,10,2,1866106.0,1112460.0,59.6,234927.0,21.1
Mysore,13,2,1478718.0,957108.0,64.7,10150.0,1.1,13,4,1653991.0,974410.0,58.9,7691.0,0.8,13,2,1723134.0,1159594.0,67.3,31608.0,2.7,13,2,1873063.0,1318041.0,70.7,138647.0,10.5,13,2,2092222.0,1484473.0,71.0,139262.0,9.4
Nagaland,24,27,1041433.0,951684.0,91.4,452019.0,47.5,24,27,1321878.0,1189670.0,90.0,483021.0,40.6,24,46,1182948.0,1038910.0,87.8,400225.0,38.5,24,55,1190285.0,1006357.0,84.7,16344.0,1.6,24,4,1317536.0,760796.0,57.7,50984.0,6.7
Nagapattinam,9,19,1049004.0,749483.0,71.5,216223.0,28.8,9,19,982352.0,764572.0,77.8,47962.0,6.3,9,36,1210626.0,942202.0,77.8,106079.0,11.3,9,17,1292695.0,1002208.0,78.3,211353.0,21.1,9,17,1345120.0,973011.0,72.3,208957.0,21.5
Nagarkurnool,0,28,1296544.0,882624.0,68.1,99650.0,11.3,0,4,1460484.0,1027695.0,70.4,47767.0,4.6,31,4,1477338.0,1108968.0,75.1,16676.0,1.5,31,0,1501178.0,989847.0,66.8,189748.0,19.2,31,4,1738254.0,1219223.0,70.1,94414.0,7.7
Nagaur,2,2,1436070.0,630118.0,43.9,70627.0,11.2,2,4,1486307.0,610003.0,41.0,155137.0,25.4,2,2,1678662.0,1004019.0,59.8,75218.0,7.5,2,56,1741967.0,1203124.0,69.8,181260.0,15.1,2,56,2146725.0,1238473.0,57.7,42225.0,3.4
Nagpur,3,4,1630894.0,792180.0,48.6,99483.0,12.6,3,4,1738920.0,755714.0,43.5,24399.0,3.2,3,2,1900787.0,1085058.0,57.1,284828.0,26.3,3,2,2060047.0,1186051.0,57.8,216009.0,18.2,3,2,2223281.0,1211321.0,54.5,137603.0,11.4
Nalanda,10,8,1311971.0,895089.0,68.2,102396.0,11.4,10,8,1719503.0,568233.0,33.1,152677.0,26.9,10,8,1951967.0,921761.0,47.2,9627.0,1.0,10,8,1809760.0,1031286.0,57.5,256137.0,24.8,10,8,2288240.0,1144383.0,49.9,169114.0,14.8
Nalgonda,0,17,1605163.0,1046908.0,65.2,56151.0,5.4,0,4,1455016.0,1083684.0,74.5,152982.0,14.1,31,4,1495580.0,1189399.0,79.5,193156.0,16.2,31,4,1501209.0,1175703.0,78.7,25682.0,2.2,31,4,1725465.0,1296324.0,75.1,559905.0,43.2
Nanded,3,2,1445611.0,798771.0,55.3,24335.0,3.0,3,4,1439015.0,774850.0,53.9,74614.0,9.6,3,4,1687057.0,1013350.0,60.1,81455.0,8.0,3,2,1632971.0,1129350.0,69.5,40148.0,3.6,3,4,1851843.0,1128254.0,60.9,59442.0,5.3
Nandurbar,3,4,1218524.0,639614.0,52.5,107621.0,16.8,3,4,1455543.0,766408.0,52.7,79949.0,10.4,3,2,1672715.0,1116676.0,66.8,106905.0,9.6,3,2,1796321.0,1281738.0,72.6,95629.0,7.5,3,4,1970327.0,1393669.0,70.7,159120.0,11.4
Nashik,3,15,1522672.0,656071.0,43.1,15058.0,2.3,3,15,1448414.0,656930.0,45.4,22032.0,3.4,3,6,1593237.0,937405.0,58.8,187336.0,20.0,3,6,1764151.0,1121232.0,64.0,292204.0,26.1,3,66,2030124.0,1237204.0,60.9,162001.0,13.1
Nawada,10,11,1505472.0,1009961.0,67.1,56006.0,5.5,10,2,1397512.0,581583.0,41.6,34917.0,6.0,10,2,1675789.0,884441.0,52.8,140157.0,15.8,10,23,1892017.0,942462.0,51.7,148072.0,15.7,10,2,2006124.0,869870.0,43.4,67670.0,7.8
New Delhi,18,4,455114.0,202926.0,44.6,12784.0,6.3,18,4,1373146.0,765180.0,55.7,187809.0,24.5,18,2,1490147.0,969812.0,65.1,162708.0,16.8,18,2,1490147.0,920541.0,62.2,256504.0,27.9,18,2,1525071.0,847468.0,55.6,78370.0,9.2
Nilgiris,9,4,1317502.0,778708.0,59.1,236502.0,30.4,9,19,1003168.0,709771.0,70.8,86021.0,12.1,9,36,1269163.0,933076.0,73.5,104940.0,11.2,9,19,1336480.0,1010719.0,77.0,205823.0,20.4,9,58,1428387.0,1018906.0,71.3,240585.0,23.6
Nizamabad,0,4,1128312.0,781638.0,69.3,137871.0,17.6,0,4,1333271.0,889962.0,66.8,60390.0,6.8,31,0,1496193.0,1033924.0,69.1,167184.0,16.2,31,2,1445388.0,1062768.0,73.7,70875.0,6.7,31,2,1704867.0,1233581.0,72.4,109241.0,8.9
Osmanabad,3,6,1072645.0,637182.0,59.4,1649.0,0.3,3,15,1608852.0,924810.0,57.5,6787.0,0.7,3,6,1726793.0,1118151.0,64.8,234325.0,21.0,3,6,1783129.0,1204730.0,68.1,127566.0,10.6,3,66,1992737.0,1281052.0,64.3,329846.0,25.7
Outer Manipur,21,7,795792.0,618984.0,77.8,82193.0,13.3,21,4,909496.0,753388.0,82.8,119798.0,15.9,21,4,918966.0,771766.0,84.0,15637.0,2.0,21,46,918966.0,858029.0,93.7,73782.0,8.6,21,4,1038027.0,796735.0,76.8,85418.0,10.7
Palamau,19,11,1289313.0,641524.0,49.8,55144.0,8.6,19,21,1417375.0,651271.0,46.0,23538.0,3.6,19,2,1645957.0,977323.0,59.4,263942.0,27.0,19,2,1800197.0,1209747.0,67.5,477606.0,39.5,19,2,2243034.0,1390738.0,62.0,288807.0,20.8
Pali,2,2,1195737.0,541923.0,45.3,63238.0,11.7,2,4,1682713.0,724620.0,43.1,196717.0,27.1,2,2,1893030.0,1095587.0,57.9,399039.0,36.4,2,2,2105101.0,1359799.0,65.3,481597.0,35.4,2,2,2343232.0,1353842.0,57.8,245351.0,18.1
Parbhani,3,6,1155668.0,675417.0,58.4,56171.0,8.3,3,6,1610088.0,870761.0,54.1,65418.0,7.5,3,6,1803792.0,1162233.0,64.4,127155.0,10.9,3,6,1902298.0,1252782.0,66.1,42199.0,3.4,3,66,2123056.0,1331176.0,62.7,134061.0,10.1
Patan,7,2,1132998.0,538059.0,47.5,23624.0,4.4,7,4,1417623.0,633160.0,44.7,18504.0,2.9,7,2,1628641.0,955799.0,58.7,138719.0,14.5,7,2,1689822.0,1126256.0,67.5,193879.0,17.2,7,2,2019916.0,1193125.0,59.1,31876.0,2.7
Patiala,8,4,1427103.0,874971.0,61.3,23667.0,2.7,8,4,1344864.0,935959.0,69.6,97389.0,10.4,8,42,1580273.0,1120933.0,70.9,20942.0,1.9,8,4,1691510.0,1177903.0,70.3,162718.0,13.8,8,4,1806424.0,1151743.0,63.8,14831.0,1.3
Perambalur,9,19,999508.0,705964.0,70.6,153333.0,21.7,9,19,1049033.0,834811.0,79.6,77604.0,9.3,9,36,1285434.0,1030826.0,80.2,213048.0,20.7,9,19,1376502.0,1102767.0,80.9,403518.0,36.6,9,58,1446352.0,1129226.0,78.0,389107.0,34.5
Phulpur,1,1,1409517.0,755173.0,53.6,64347.0,8.5,1,3,1426451.0,551913.0,38.7,14578.0,2.6,1,2,1913274.0,960341.0,50.2,308308.0,32.1,1,2,1950247.0,978236.0,50.6,171968.0,17.6,1,2,2067043.0,1014824.0,49.1,4332.0,0.4
Pilibhit,1,2,1285919.0,677095.0,52.7,102720.0,15.2,1,2,1310007.0,837650.0,63.9,281501.0,33.6,1,2,1671151.0,1050547.0,62.9,307052.0,29.2,1,2,1730628.0,1186589.0,69.1,255627.0,21.5,1,2,1831699.0,1160947.0,63.4,164935.0,14.2
Pollachi,9,29,1039279.0,641158.0,61.7,120921.0,18.9,9,36,1017811.0,773303.0,76.0,46025.0,6.0,9,36,1381505.0,1012667.0,73.3,140974.0,13.9,9,19,1716498.0,1081875.0,63.9,175883.0,16.3,9,58,1597467.0,1126045.0,70.4,252042.0,22.4
Ponnani,20,30,1172057.0,729438.0,62.2,102758.0,14.1,20,30,997075.0,770205.0,77.3,82684.0,10.7,20,47,1180789.0,871592.0,73.8,25410.0,2.9,20,47,1265341.0,1017265.0,80.9,193273.0,19.0,20,47,1470804.0,1026296.0,69.8,235760.0,23.0
Porbandar,7,2,995027.0,490331.0,49.3,5703.0,1.2,7,4,1385818.0,660768.0,47.7,39503.0,6.0,7,2,1539223.0,809433.0,52.6,267971.0,33.1,7,2,1626015.0,949947.0,58.9,229823.0,24.2,7,2,1768212.0,928977.0,52.5,383360.0,41.3
Pratapgarh,1,1,1332216.0,572666.0,43.0,69272.0,12.1,1,4,1435159.0,641017.0,44.7,29779.0,4.6,1,45,1716625.0,894456.0,52.1,168222.0,18.8,1,2,1670655.0,914665.0,55.5,117752.0,12.9,1,1,1833312.0,947288.0,51.7,66206.0,7.0
Pune,3,4,1608614.0,768826.0,47.8,73176.0,9.5,3,4,1806953.0,734482.0,40.7,25701.0,3.5,3,2,1835836.0,993274.0,54.1,315769.0,31.8,3,2,1997594.0,1035236.0,52.4,324628.0,31.4,3,2,2061276.0,1104572.0,53.6,123038.0,11.1
Puri,12,12,1288034.0,888907.0,69.0,60960.0,6.9,12,12,1322817.0,910198.0,68.8,211305.0,23.2,12,12,1404581.0,1039389.0,74.0,263361.0,25.3,12,12,1500546.0,1135620.0,76.2,11714.0,1.0,12,2,1586465.0,1196938.0,75.5,104709.0,8.7
Purulia,4,16,992438.0,694449.0,70.0,145718.0,21.0,4,16,1257799.0,905208.0,72.0,19301.0,2.1,4,32,1471933.0,1204675.0,81.8,153877.0,12.8,4,2,1761215.0,1355236.0,77.6,204732.0,15.1,4,2,1823120.0,1434018.0,78.7,17079.0,1.2
Rae Bareli,1,4,1329169.0,643560.0,48.4,249765.0,38.8,1,4,1379507.0,666699.0,48.3,372165.0,55.8,1,4,1594954.0,825136.0,51.7,352713.0,42.7,1,4,1628549.0,958556.0,59.5,167178.0,17.4,1,4,1784314.0,1039219.0,58.2,390030.0,37.5
Raichur,13,4,1413018.0,824732.0,58.4,508.0,0.1,13,2,1486326.0,682388.0,45.9,30636.0,4.5,13,4,1661606.0,968889.0,58.3,1499.0,0.2,13,2,1896652.0,1124385.0,60.1,117716.0,10.5,13,4,2010103.0,1299619.0,64.7,79781.0,6.1
Raiganj,4,4,1147290.0,913637.0,79.6,39147.0,4.3,4,4,1108382.0,900271.0,81.2,105203.0,11.7,4,10,1387526.0,1108193.0,79.9,1634.0,0.1,4,2,1531944.0,1277109.0,84.3,60574.0,4.7,4,2,1790245.0,1368471.0,76.4,68197.0,5.0
Raigarh,16,2,1038634.0,648290.0,62.4,74243.0,11.5,16,2,1432746.0,935750.0,65.3,55848.0,6.0,16,2,1605824.0,1246186.0,77.6,216750.0,17.4,16,2,1714355.0,1350124.0,79.7,66027.0,4.9,16,2,1838547.0,1452965.0,79.0,240391.0,16.5
Raipur,16,2,1370242.0,689427.0,50.3,129519.0,18.8,16,2,1578868.0,741969.0,47.0,57901.0,7.8,16,2,1904230.0,1250845.0,65.7,171646.0,13.7,16,2,2046014.0,1396250.0,68.5,348238.0,24.9,16,2,2375379.0,1586755.0,66.8,575285.0,36.3
Rajgarh,14,2,1278429.0,598956.0,46.9,36712.0,6.1,14,4,1261062.0,651383.0,51.7,24388.0,3.7,14,2,1578748.0,1010724.0,64.0,228737.0,22.6,14,2,1649452.0,1260329.0,77.0,431019.0,34.2,14,2,1875211.0,1428997.0,76.2,146089.0,10.2
Rajkot,7,2,1650135.0,538380.0,32.6,143970.0,26.7,7,4,1455072.0,649750.0,44.7,24735.0,3.8,7,2,1655717.0,1057069.0,63.8,246428.0,23.3,7,2,1839420.0,1195271.0,66.0,368407.0,30.8,7,2,2112273.0,1273542.0,60.3,484260.0,38.0
Rajmahal,19,21,1072040.0,691116.0,64.5,2974.0,0.4,19,2,1167993.0,644495.0,55.2,8983.0,1.4,19,21,1353172.0,951563.0,70.3,41337.0,4.3,19,21,1422969.0,1047657.0,74.5,99195.0,9.5,19,21,1704671.0,1218249.0,71.5,178264.0,14.6
Rajnandgaon,16,2,1121618.0,664445.0,59.2,14323.0,2.2,16,2,1411051.0,830578.0,58.9,119074.0,14.3,16,2,1588095.0,1178296.0,74.2,235911.0,20.0,16,2,1688647.0,1307033.0,78.6,111966.0,8.6,16,2,1868021.0,1445765.0,77.4,44411.0,3.1
Ramanathapuram,9,19,1147726.0,672447.0,58.6,109950.0,16.4,9,19,1133391.0,779721.0,68.8,69915.0,9.0,9,36,1455891.0,1001048.0,68.8,119324.0,11.9,9,47,1553058.0,1066146.0,69.1,127122.0,11.9,9,47,1617688.0,1109853.0,68.6,166782.0,15.0
Rampur,1,1,1420598.0,811098.0,57.1,85474.0,10.5,1,1,1154544.0,606179.0,52.5,30931.0,5.1,1,2,1616984.0,956389.0,59.2,23435.0,2.5,1,1,1658551.0,1060921.0,64.4,109997.0,10.4,1,1,1731836.0,968079.0,55.9,87434.0,9.0
Ramtek,3,6,1148759.0,647268.0,56.3,14102.0,2.2,3,4,1502900.0,765020.0,50.9,16701.0,2.2,3,6,1677245.0,1050316.0,62.6,175791.0,16.7,3,6,1818912.0,1196744.0,66.5,126783.0,10.6,3,4,2049085.0,1252512.0,61.1,76768.0,6.1
Ranchi,19,4,1379179.0,696342.0,50.5,15421.0,2.2,19,4,1625148.0,723932.0,44.6,13350.0,1.8,19,2,1648464.0,1049783.0,63.7,199303.0,19.0,19,2,1827355.0,1235441.0,67.9,283026.0,22.9,19,2,2197331.0,1447781.0,65.9,120512.0,8.3
Rewa,14,2,1461014.0,630281.0,43.1,44752.0,7.1,14,3,1248727.0,603761.0,48.4,4021.0,0.7,14,2,1544719.0,830002.0,53.7,168726.0,20.3,14,2,1628121.0,1013251.0,62.4,312807.0,30.9,14,2,1852126.0,918129.0,49.5,193374.0,21.1
Robertsganj,1,3,1661132.0,724797.0,43.6,10362.0,1.4,1,1,1214735.0,595313.0,49.0,50259.0,8.4,1,2,1639561.0,885873.0,54.0,190486.0,21.5,1,54,1672073.0,988287.0,60.4,54336.0,5.5,1,1,1779189.0,1009545.0,56.7,129234.0,12.8
Rohtak,6,4,1055610.0,661641.0,62.7,150435.0,22.7,6,4,1274972.0,835610.0,65.5,445736.0,53.3,6,4,1567504.0,1044331.0,66.6,170627.0,16.3,6,2,1638605.0,1220571.0,74.7,7503.0,0.6,6,4,1889844.0,1248446.0,66.0,345298.0,27.7
Sabarkantha,7,4,1272262.0,654380.0,51.4,39928.0,6.1,7,2,1452240.0,717642.0,49.4,17160.0,2.4,7,2,1615840.0,1094002.0,67.7,84455.0,7.7,7,2,1695262.0,1218354.0,72.2,268987.0,22.1,7,2,1976349.0,1269358.0,64.2,155682.0,12.3
Sagar,14,2,1250751.0,479246.0,38.3,147991.0,30.9,14,2,1185166.0,570342.0,48.1,131168.0,23.0,14,2,1520184.0,891929.0,58.7,120737.0,13.5,14,2,1550731.0,1037175.0,67.5,305542.0,29.5,14,2,1745690.0,1150549.0,65.9,471222.0,41.0
Saharanpur,1,1,1566135.0,990397.0,63.2,26828.0,2.7,1,3,1298132.0,821119.0,63.3,84873.0,10.3,1,2,1608833.0,1194308.0,74.2,65090.0,5.5,1,3,1677662.0,1231746.0,73.7,22417.0,1.8,1,4,1855310.0,1229455.0,66.3,64542.0,5.2
Salem,9,4,1251141.0,740252.0,59.2,175627.0,23.7,9,36,1171839.0,895888.0,76.5,46491.0,5.2,9,36,1498350.0,1150296.0,76.8,267610.0,23.3,9,19,1580013.0,1255459.0,80.5,146926.0,11.7,9,58,1658681.0,1304844.0,78.7,70357.0,5.4
Salempur,1,1,1484606.0,669579.0,45.1,16253.0,2.4,1,3,1621136.0,635226.0,39.2,18305.0,2.9,1,2,1661737.0,854749.0,51.4,232342.0,27.2,1,2,1652927.0,921066.0,56.2,112477.0,12.2,1,1,1776982.0,917362.0,51.6,3573.0,0.4
Samastipur,10,11,1433793.0,864688.0,60.3,126783.0,14.7,10,8,1312948.0,584752.0,44.5,104376.0,17.8,10,23,1503005.0,863199.0,57.4,6872.0,0.8,10,23,1655671.0,1019025.0,63.7,251643.0,24.7,10,65,1818530.0,1094592.0,60.2,187251.0,17.1
Sambalpur,12,12,1242861.0,811674.0,65.3,14770.0,1.8,12,4,1233251.0,800562.0,64.9,14874.0,1.9,12,12,1297098.0,984309.0,75.9,30576.0,3.1,12,2,1399694.0,1124455.0,81.3,9162.0,0.8,12,2,1499728.0,1196747.0,79.8,119836.0,10.0
Sambhal,1,1,1249017.0,759382.0,60.8,198061.0,26.1,1,3,1290810.0,682137.0,52.9,13464.0,2.0,1,2,1693245.0,1057002.0,62.4,5174.0,0.5,1,1,1782261.0,1183469.0,66.8,174826.0,14.8,1,1,1898202.0,1194983.0,63.0,121494.0,10.2
Sangli,3,4,1186416.0,692440.0,58.4,81623.0,11.8,3,4,1490571.0,778760.0,52.3,39783.0,5.1,3,2,1649107.0,1046659.0,63.5,239292.0,22.9,3,2,1424936.0,1189958.0,84.0,164352.0,13.8,3,7,1868174.0,1168744.0,62.6,100053.0,8.6
Sangrur,8,22,1214485.0,837596.0,69.0,27277.0,3.3,8,4,1251401.0,931247.0,74.4,40872.0,4.4,8,42,1424743.0,1099467.0,77.2,211721.0,19.3,8,42,1501950.0,1105888.0,74.1,110211.0,10.0,8,42,1556601.0,1009665.0,64.9,172560.0,17.1
Sasaram,10,4,1291800.0,697265.0,54.0,258262.0,37.0,10,4,1402789.0,599031.0,42.7,42954.0,7.2,10,2,1607747.0,846788.0,52.7,63327.0,7.5,10,2,1771935.0,974749.0,56.1,165745.0,17.0,10,4,1910368.0,1097075.0,57.4,19157.0,1.7
Satara,3,15,1149290.0,673093.0,58.6,3957.0,0.6,3,15,1546146.0,816703.0,52.8,297515.0,36.4,3,15,1719998.0,976681.0,56.8,366594.0,37.5,3,15,1753567.0,1115434.0,64.1,126528.0,11.3,3,2,1889740.0,1198004.0,63.4,32771.0,2.7
Satna,14,2,1324818.0,609727.0,46.0,83590.0,13.7,14,2,1207500.0,659947.0,54.7,4418.0,0.7,14,2,1458084.0,913444.0,62.7,8688.0,1.0,14,2,1533662.0,1113656.0,72.8,231473.0,20.8,14,2,1705260.0,1058972.0,62.1,84949.0,8.0
Shahdol,14,2,1305252.0,509123.0,39.0,29349.0,5.8,14,4,1272377.0,629477.0,49.5,13415.0,2.1,14,2,1561321.0,968518.0,62.0,241301.0,24.9,14,2,1626916.0,1237858.0,77.3,403333.0,32.6,14,2,1777185.0,1152013.0,64.8,397340.0,34.5
Shahjahanpur,1,4,1240983.0,634371.0,51.1,81832.0,12.9,1,1,1627964.0,792516.0,48.7,70579.0,8.9,1,2,1979294.0,1129841.0,57.1,235529.0,20.8,1,2,2013411.0,1186157.0,59.4,268418.0,22.6,1,2,2331834.0,1247902.0,53.5,55379.0,4.4
Sheohar,10,11,1214428.0,666384.0,54.9,73883.0,11.1,10,2,1269056.0,573012.0,45.2,125684.0,21.9,10,2,1489724.0,842894.0,56.6,136239.0,16.2,10,2,1660635.0,1004559.0,60.9,340360.0,33.9,10,8,1832745.0,1055602.0,57.6,29143.0,2.8
Shillong,25,4,785062.0,367736.0,46.8,70896.0,19.3,25,4,771965.0,480424.0,62.2,107868.0,22.5,25,4,980740.0,619987.0,63.2,40379.0,6.5,25,4,1154272.0,784190.0,68.3,152433.0,19.4,25,69,1400411.0,1037911.0,74.1,371910.0,35.8
Shimoga,13,2,1257953.0,886294.0,70.5,76145.0,8.6,13,2,1435908.0,954752.0,66.5,52893.0,5.5,13,2,1562241.0,1129008.0,72.3,363305.0,32.2,13,2,1640421.0,1283577.0,78.7,223360.0,17.4,13,2,1752885.0,1377224.0,78.6,243715.0,17.7
Sidhi,14,2,1083701.0,457029.0,42.2,49565.0,10.8,14,2,1358291.0,675867.0,49.8,45740.0,6.8,14,2,1736050.0,989396.0,57.0,108046.0,10.9,14,2,1822205.0,1282705.0,70.7,286524.0,22.3,14,2,2028451.0,1147264.0,56.6,206416.0,18.0
Sikar,2,2,1476344.0,777953.0,52.7,54683.0,7.0,2,4,1507740.0,725873.0,48.1,149426.0,20.6,2,2,1770424.0,1065750.0,60.2,239196.0,22.4,2,2,1977129.0,1326969.0,67.5,297156.0,22.4,2,51,2214900.0,1300856.0,58.7,72896.0,5.6
Sikkim,26,31,281937.0,215294.0,76.4,93151.0,43.3,26,31,300584.0,257159.0,85.6,84868.0,33.0,26,31,370611.0,308967.0,83.4,41742.0,13.5,26,57,410317.0,351746.0,86.3,12433.0,3.5,26,57,464140.0,384893.0,82.9,80830.0,21.0
Silchar,15,4,879243.0,607884.0,69.1,21320.0,3.5,15,2,978510.0,688547.0,70.4,41470.0,6.0,15,4,1060175.0,799830.0,75.4,35241.0,4.4,15,2,1002420.0,949696.0,95.6,81596.0,8.6,15,2,1369578.0,1089426.0,79.5,264311.0,24.3
Singhbhum,19,4,919728.0,520155.0,56.6,59196.0,11.4,19,7,957406.0,579926.0,60.6,89673.0,15.5,19,2,1152570.0,795286.0,69.0,87524.0,11.0,19,4,1230774.0,879329.0,73.4,72155.0,8.2,19,21,1447562.0,1007597.0,69.6,168402.0,16.7
Sirsa,6,4,1219935.0,841638.0,69.0,71475.0,8.5,6,4,1309507.0,981472.0,75.0,35499.0,3.6,6,48,1660557.0,1279105.0,77.0,115736.0,9.0,6,2,1740188.0,1369486.0,79.0,309918.0,22.6,6,4,1937689.0,1354632.0,69.9,268497.0,19.8
Sitamarhi,10,11,1265132.0,690791.0,54.6,98005.0,14.2,10,8,1355817.0,576772.0,42.5,110566.0,19.2,10,43,1574914.0,900588.0,57.2,147965.0,16.4,10,8,1738001.0,1038849.0,60.4,250539.0,24.1,10,8,1947996.0,1093992.0,56.2,51356.0,4.7
Sitapur,1,3,1292685.0,596568.0,46.2,5234.0,0.9,1,3,1230078.0,704998.0,57.3,19632.0,2.8,1,2,1550263.0,1026972.0,66.3,51027.0,5.0,1,2,1653132.0,1064521.0,64.9,100833.0,9.5,1,4,1759943.0,1102015.0,62.6,89641.0,8.1
Sivaganga,9,4,1083542.0,664594.0,61.3,162725.0,24.5,9,4,1092438.0,776037.0,71.0,3354.0,0.4,9,36,1412373.0,1027036.0,72.7,229385.0,22.3,9,4,1529700.0,1084468.0,71.5,332244.0,30.6,9,4,1633857.0,1053419.0,64.5,205664.0,19.5
Siwan,10,11,1054441.0,637544.0,60.5,103578.0,16.2,10,7,1282480.0,642234.0,50.1,63430.0,9.9,10,2,1563860.0,884021.0,56.5,113847.0,12.9,10,8,1780670.0,984810.0,55.8,116958.0,11.9,10,8,1896512.0,998018.0,52.6,92857.0,9.3
South Delhi,18,2,1018862.0,478871.0,47.0,16005.0,3.3,18,4,1542412.0,731332.0,47.4,93219.0,12.7,18,2,1752741.0,1102410.0,62.9,107000.0,9.7,18,2,1752741.0,1214222.0,69.6,367043.0,30.2,18,2,2291764.0,1295998.0,56.6,124333.0,9.6
Sriperumbudur,9,19,1423561.0,842045.0,59.2,235346.0,27.9,9,19,1201237.0,794505.0,66.1,25036.0,3.2,9,36,1946503.0,1286647.0,66.1,102646.0,8.0,9,19,2176499.0,1406782.0,65.7,507955.0,36.1,9,58,2382119.0,1440935.0,60.5,487029.0,33.8
Sultanpur,1,3,1465273.0,721002.0,49.2,101810.0,14.1,1,4,1430955.0,707853.0,49.5,98779.0,14.0,1,2,1703698.0,964981.0,56.6,178902.0,18.5,1,2,1739538.0,1000316.0,58.1,14526.0,1.5,1,1,1852590.0,1033387.0,55.8,43174.0,4.2
Sundargarh,12,2,1209123.0,732302.0,60.6,39676.0,5.4,12,4,1248955.0,768000.0,61.5,11624.0,1.5,12,2,1410532.0,1010711.0,71.7,18829.0,1.9,12,2,1508886.0,1100129.0,73.8,223065.0,20.3,12,2,1576105.0,1155777.0,73.3,138808.0,12.0
Surendranagar,7,2,1109656.0,455520.0,41.1,33944.0,7.5,7,4,1475820.0,586318.0,39.7,4831.0,0.8,7,2,1656657.0,944677.0,57.0,202907.0,21.5,7,2,1812702.0,1077726.0,59.9,277437.0,25.7,7,2,2033419.0,1131377.0,55.6,261617.0,23.1
Tamluk,4,10,1185781.0,1030848.0,86.9,57380.0,5.6,4,32,1271230.0,1148299.0,90.3,172958.0,15.1,4,32,1527273.0,1337684.0,87.6,246481.0,18.4,4,32,1839886.0,1446499.0,79.2,190165.0,13.1,4,2,1850741.0,1577319.0,85.2,77733.0,4.9
Tehri Garhwal,5,2,1292454.0,561210.0,43.4,17446.0,3.1,5,4,1159691.0,585576.0,50.5,52939.0,9.0,5,2,1352845.0,776214.0,57.4,192503.0,24.8,5,2,1439343.0,876069.0,61.3,300586.0,34.3,5,2,1577664.0,862041.0,54.6,272493.0,31.6
Tenkasi,9,17,1084708.0,709688.0,65.4,122176.0,17.2,9,17,1063614.0,748010.0,70.3,34677.0,4.6,9,36,1382081.0,1017938.0,73.7,161774.0,15.9,9,19,1472742.0,1065569.0,73.3,120286.0,11.3,9,58,1525439.0,1039119.0,68.1,196199.0,18.9
Thane,3,6,3240342.0,1313006.0,40.5,22258.0,1.7,3,15,1806803.0,749910.0,41.5,49020.0,6.5,3,6,2073442.0,1054189.0,50.8,281299.0,26.7,3,6,2178348.0,1170518.0,54.7,412145.0,35.2,3,6,2507372.0,1309068.0,52.2,217011.0,16.6
Thanjavur,9,19,1030779.0,706888.0,68.6,119148.0,16.9,9,19,1054118.0,808675.0,76.7,101787.0,12.6,9,36,1340050.0,1012258.0,75.5,144119.0,14.2,9,19,1443417.0,1059223.0,74.4,368129.0,34.8,9,58,1501226.0,1028706.0,68.5,319583.0,31.1
Tirunelveli,9,4,1086290.0,631284.0,58.1,167075.0,26.5,9,4,1059687.0,701402.0,66.2,21303.0,3.0,9,36,1420435.0,962330.0,67.8,126099.0,13.1,9,19,1526692.0,1039761.0,68.8,185457.0,17.8,9,4,1654503.0,1067448.0,64.5,165620.0,15.5
Tripura East,27,10,936626.0,619546.0,66.2,310736.0,50.2,27,10,988466.0,824246.0,83.4,295581.0,35.9,27,10,1140269.0,951110.0,83.4,484358.0,50.9,27,2,1173233.0,1045417.0,90.1,204290.0,19.5,27,2,1396761.0,1134345.0,81.2,486819.0,42.9
Tripura West,27,10,1041596.0,699397.0,67.2,384636.0,55.0,27,10,1093799.0,941508.0,86.1,248549.0,26.4,27,10,1248550.0,1072749.0,85.9,503486.0,46.9,27,2,1285794.0,1107755.0,87.1,305689.0,27.6,27,2,1463526.0,1209809.0,82.7,611578.0,50.6
Tumkur,13,2,1221507.0,862673.0,70.6,2351.0,0.3,13,2,1388773.0,899917.0,64.8,21445.0,2.4,13,4,1518518.0,1101484.0,72.5,74041.0,6.7,13,2,1584884.0,1244858.0,79.2,13339.0,1.1,13,2,1661309.0,1303451.0,78.5,175594.0,13.5
Tura,25,32,504312.0,311502.0,61.8,72763.0,23.4,25,15,505774.0,342205.0,67.7,17945.0,5.2,25,49,586501.0,458071.0,78.1,39716.0,8.7,25,49,692353.0,583041.0,85.1,64030.0,11.0,25,4,826156.0,674056.0,81.6,155241.0,23.0
Udaipur,2,2,1363337.0,758166.0,55.6,74875.0,9.9,2,4,1564137.0,758687.0,48.5,164925.0,21.7,2,2,1817940.0,1193202.0,65.6,236762.0,19.8,2,2,2008400.0,1454518.0,73.8,437914.0,30.1,2,2,2230971.0,1498376.0,67.2,261608.0,17.5
Ujjain,14,2,1243447.0,719800.0,57.9,70403.0,9.8,14,4,1253686.0,667635.0,53.3,15841.0,2.4,14,2,1525481.0,1016405.0,66.6,309663.0,30.5,14,2,1624122.0,1252511.0,77.8,365637.0,29.2,14,2,1798704.0,1328580.0,73.7,375860.0,28.3
Uluberia,4,10,1129673.0,849086.0,75.2,152115.0,17.9,4,32,1251590.0,1009905.0,80.7,98936.0,9.8,4,32,1448632.0,1186027.0,81.9,201222.0,17.0,4,32,1775607.0,1311099.0,74.4,215359.0,16.4,4,32,1741438.0,1390794.0,79.9,218673.0,15.7
Unnao,1,3,1303203.0,547514.0,42.0,17761.0,3.2,1,4,1818980.0,904542.0,49.7,302092.0,33.4,1,2,2164392.0,1201603.0,55.5,310173.0,25.8,1,2,2160607.0,1237076.0,57.8,400956.0,32.4,1,2,2341740.0,1302271.0,55.6,35818.0,2.8
Vaishali,10,11,1197345.0,748681.0,62.5,105935.0,14.1,10,11,1278891.0,624863.0,48.9,22308.0,3.6,10,23,1587202.0,925937.0,58.3,99267.0,10.7,10,23,1721658.0,1074730.0,63.0,234584.0,21.8,10,65,1869178.0,1172060.0,62.7,89634.0,7.6
Varanasi,1,4,1487696.0,633729.0,42.6,57436.0,9.1,1,2,1561854.0,665719.0,42.6,17211.0,2.6,1,2,1767486.0,1030685.0,58.3,371784.0,36.1,1,2,1784093.0,1060476.0,59.7,479505.0,45.2,1,2,1997578.0,1130143.0,56.6,152513.0,13.5
Vidisha,14,2,1313048.0,656181.0,50.0,260726.0,39.7,14,2,1233394.0,556170.0,45.1,389844.0,70.1,14,2,1634370.0,1073473.0,65.7,410698.0,38.3,14,2,1700678.0,1250244.0,74.0,503084.0,40.2,14,2,1945404.0,1455658.0,74.8,821408.0,56.4
Warangal,0,0,1215167.0,921516.0,75.8,19262.0,2.1,0,4,1486617.0,1031522.0,69.4,124661.0,12.1,31,0,1537781.0,1174631.0,76.4,392574.0,33.4,31,0,1578335.0,1061645.0,68.5,350298.0,33.0,31,4,1824466.0,1267946.0,69.5,220339.0,17.4
Wardha,3,2,1144924.0,625840.0,54.7,3188.0,0.5,3,4,1408781.0,769846.0,54.7,95918.0,12.5,3,2,1564553.0,1013445.0,64.8,215783.0,21.3,3,2,1679788.0,1072570.0,64.2,187191.0,17.5,3,61,1682771.0,1095012.0,65.1,81648.0,7.5
Allaphuza,20,10,971154.0,728156.0,75.0,1009.0,0.1,20,4,1147162.0,911120.0,79.4,57635.0,6.3,20,4,1271324.0,997464.0,78.5,19407.0,1.9,20,51,1298061.0,1088728.0,84.3,10474.0,1.0,20,4,1400082.0,1058703.0,75.6,63513.0,6.0
Jhalawar-Baran,2,2,1188576.0,567172.0,47.7,81579.0,14.4,2,2,1447157.0,872015.0,60.3,52841.0,6.1,2,2,1669842.0,1146364.0,68.7,281546.0,24.6,2,2,1863755.0,1369868.0,74.4,453928.0,33.1,2,2,2030525.0,1421331.0,70.0,370989.0,26.1
Ahmedabad East,7,2,1382793.0,548391.0,39.7,77605.0,14.2,7,2,1411761.0,597395.0,42.3,86056.0,14.4,7,2,1601832.0,985525.0,61.5,326633.0,33.1,7,2,1713598.0,1116367.0,65.7,434330.0,38.9,7,2,2038162.0,1128339.0,55.4,461755.0,40.9
Ferozpur,8,22,1302221.0,867635.0,66.6,11539.0,1.3,8,22,1342488.0,956952.0,71.3,21071.0,2.2,8,22,1522111.0,1105412.0,72.6,31420.0,2.8,8,22,1587296.0,1172033.0,74.8,198850.0,17.0,8,4,1670008.0,1125115.0,67.4,3242.0,0.3
Fatehpur Sikri,1,3,1279387.0,506655.0,39.6,52568.0,10.4,1,1,1536621.0,694396.0,45.2,52228.0,7.5,1,2,1804777.0,1056688.0,58.6,187206.0,17.7,1,2,1783535.0,1043655.0,59.3,198205.0,19.0,1,1,1938563.0,1106944.0,57.1,33199.0,3.0
Domariyaganj,1,3,1350045.0,643127.0,47.6,52902.0,8.2,1,4,1499679.0,736139.0,49.1,76566.0,10.4,1,2,1761415.0,935027.0,53.1,103588.0,11.1,1,2,1894047.0,985269.0,52.6,105321.0,10.7,1,2,1961845.0,1018965.0,51.9,42728.0,4.2
Diamond Harbour,4,10,1102946.0,835475.0,75.8,153784.0,18.4,4,32,1302398.0,1054561.0,81.0,151689.0,14.4,4,32,1555914.0,1261296.0,81.1,71298.0,5.7,4,32,1873955.0,1409002.0,76.1,320594.0,22.8,4,32,1880779.0,1530817.0,81.4,710930.0,46.4
Dharwad South,13,2,1204353.0,865016.0,71.8,145112.0,16.8,13,2,1411500.0,798496.0,56.6,137663.0,17.2,13,2,1579024.0,1041226.0,65.9,113657.0,10.9,13,2,1687290.0,1213505.0,72.1,205072.0,16.9,13,2,1831975.0,1366491.0,74.6,97324.0,7.1
Davangere,13,2,1332608.0,908840.0,68.2,32676.0,3.6,13,2,1344920.0,907281.0,67.5,2024.0,0.2,13,2,1522712.0,1114868.0,73.2,17607.0,1.6,13,2,1613781.0,1194586.0,74.2,169702.0,14.2,13,4,1709244.0,1320368.0,77.3,26094.0,2.0
Daman & Diu,28,4,79232.0,55590.0,70.2,607.0,1.1,28,2,95382.0,68023.0,71.3,24838.0,36.5,28,2,111827.0,87233.0,78.0,9222.0,10.6,28,2,111827.0,87469.0,79.6,9942.0,11.4,28,7,134189.0,92410.0,68.9,6225.0,6.7
Dadra & Nagar Haveli,29,33,122681.0,84699.0,69.0,12893.0,15.2,29,2,150704.0,110363.0,73.2,618.0,0.6,29,2,196617.0,165286.0,84.1,6214.0,3.8,29,7,196617.0,198983.0,102.7,9001.0,4.5,29,2,283024.0,205588.0,72.6,57584.0,28.0
Chikballapur,13,4,1314311.0,929379.0,70.7,60022.0,6.5,13,4,1437155.0,978715.0,68.1,51381.0,5.2,13,4,1658342.0,1263274.0,76.2,9520.0,0.8,13,2,1804143.0,1386963.0,77.3,182110.0,13.1,13,2,1981347.0,1530820.0,77.3,163460.0,10.7
Burdwan - Durgapur,4,10,1221820.0,994003.0,81.4,471351.0,47.4,4,10,1353380.0,1136226.0,84.0,108237.0,9.5,4,32,1583498.0,1331242.0,84.1,107331.0,8.1,4,2,1905750.0,1433007.0,76.2,2439.0,0.2,4,32,1851780.0,1501773.0,81.1,137981.0,9.2
Bhatinda,8,22,1285978.0,763164.0,59.4,62642.0,8.2,8,22,1336790.0,1048144.0,78.4,120948.0,11.5,8,22,1525289.0,1176767.0,77.2,19395.0,1.6,8,22,1589895.0,1200810.0,76.4,21772.0,1.8,8,22,1651188.0,1151170.0,69.7,49656.0,4.3
Barabanki,1,3,1214993.0,540219.0,44.5,20922.0,3.9,1,4,1422218.0,743415.0,52.3,167913.0,22.6,1,2,1721282.0,1068168.0,62.1,211878.0,19.8,1,2,1762832.0,1155341.0,66.0,110140.0,9.5,1,4,1918491.0,1290634.0,67.3,215704.0,16.7
Bangalore North,13,2,2133579.0,1157337.0,54.2,30358.0,2.6,13,2,2144091.0,1001678.0,46.7,59665.0,6.0,13,2,2401472.0,1356718.0,56.5,229764.0,16.9,13,2,2819424.0,1559459.0,55.7,147518.0,9.5,13,2,3214496.0,1752504.0,54.5,259476.0,14.8
Bangalore South,13,2,1620352.0,800632.0,49.4,62271.0,7.8,13,2,2031030.0,908751.0,44.7,37612.0,4.1,13,2,1999882.0,1113726.0,55.7,228575.0,20.5,13,2,2175375.0,1188491.0,55.1,331192.0,27.9,13,2,2341759.0,1249342.0,53.4,277083.0,22.2
Bahraich,1,1,1423646.0,549535.0,38.6,26334.0,4.8,1,4,1246823.0,512702.0,41.1,38953.0,7.6,1,2,1638645.0,934263.0,57.0,95645.0,10.2,1,2,1686646.0,989848.0,59.5,128752.0,13.0,1,2,1838684.0,1056566.0,57.5,64227.0,6.1
Baharampur,4,4,1220502.0,987380.0,80.9,98901.0,10.0,4,4,1179938.0,953789.0,80.8,186977.0,19.6,4,4,1453783.0,1154587.0,79.4,356567.0,30.9,4,4,1746812.0,1299997.0,75.2,80696.0,6.2,4,32,1783078.0,1384770.0,77.7,85022.0,6.1
Sonipat,6,2,1138771.0,736510.0,64.7,7569.0,1.0,6,4,1099978.0,712449.0,64.8,161284.0,22.6,6,2,1417188.0,985637.0,69.6,77414.0,7.9,6,2,1493894.0,1129532.0,75.8,164864.0,14.6,6,4,1766624.0,1123944.0,63.6,21816.0,1.9
Shimla,22,4,1018988.0,525998.0,51.6,108180.0,20.6,22,2,1106608.0,616777.0,55.7,27327.0,4.4,22,2,1153363.0,737757.0,64.0,84187.0,11.4,22,2,1153363.0,913608.0,79.9,327515.0,35.8,22,2,1346369.0,969965.0,72.0,91451.0,9.4
Secundrabad,0,4,1850694.0,973226.0,52.6,68758.0,7.1,0,4,1574818.0,865489.0,55.0,170167.0,19.7,31,2,1893647.0,1003769.0,53.0,254735.0,25.4,31,2,1890049.0,915106.0,48.9,62114.0,6.8,31,2,2120401.0,1047659.0,49.4,49944.0,4.8
Ratnagiri - Sindhudurg,3,6,914770.0,560620.0,61.3,148968.0,26.6,3,4,1252255.0,719855.0,57.5,46750.0,6.5,3,6,1367361.0,896256.0,65.6,150051.0,16.7,3,6,1393965.0,901102.0,65.6,178322.0,19.8,3,2,1451630.0,914038.0,63.0,47858.0,5.2
Puducherry,30,9,636667.0,484316.0,76.1,69181.0,14.3,30,4,762440.0,608533.0,79.8,91772.0,15.1,30,50,901357.0,740017.0,82.1,60854.0,8.2,30,4,969845.0,790760.0,82.8,197025.0,24.9,30,4,1023699.0,807940.0,78.9,136516.0,16.9
Peddapalli,0,4,1386543.0,938802.0,67.7,263135.0,28.0,0,4,1315642.0,904183.0,68.7,49017.0,5.4,31,0,1425361.0,1022184.0,71.7,291158.0,28.5,31,0,1368475.0,970051.0,71.5,95180.0,9.8,31,4,1596430.0,1095295.0,68.6,131364.0,12.0
Palghat,20,10,1113144.0,818860.0,73.6,98158.0,12.0,3,40,1523061.0,732599.0,48.1,12360.0,1.7,3,2,1578077.0,992618.0,62.9,239520.0,24.1,3,6,1727531.0,1201941.0,71.3,88883.0,7.4,3,2,2148514.0,1376074.0,64.1,183306.0,13.3
Nainital-Udhamsingh Nagar,5,4,1261688.0,616560.0,48.9,49184.0,8.0,5,4,1284092.0,753947.0,58.7,88412.0,11.7,5,2,1610810.0,1101435.0,68.4,284717.0,25.8,5,2,1754749.0,1258570.0,72.3,339096.0,26.9,5,2,2015809.0,1266016.0,62.8,334548.0,26.4
Mayiladuthurai,9,4,1022018.0,693551.0,67.9,195691.0,28.2,9,36,1091519.0,800627.0,73.4,36854.0,4.6,9,36,1350318.0,1025538.0,76.0,277050.0,27.0,9,19,1466813.0,1097243.0,75.4,261314.0,23.8,9,4,1545568.0,1087708.0,70.4,271183.0,24.9
Mavelikkara,20,10,871592.0,642816.0,73.8,7414.0,1.2,20,4,1142993.0,806273.0,70.5,48048.0,6.0,20,4,1252668.0,889060.0,71.0,32737.0,3.7,20,4,1264914.0,971035.0,77.2,61138.0,6.3,20,4,1331880.0,894971.0,67.2,10868.0,1.2
Mandsour,14,2,1373890.0,776188.0,56.5,139633.0,18.0,14,4,1371067.0,765754.0,55.9,30819.0,4.0,14,2,1626571.0,1161349.0,71.4,303649.0,26.1,14,2,1714857.0,1370667.0,80.5,376734.0,27.5,14,2,1898060.0,1433492.0,75.5,500655.0,34.9
Maldaha Dakshin,4,4,1088411.0,844032.0,77.6,111108.0,13.2,4,4,1052093.0,831309.0,79.0,136280.0,16.4,4,4,1347143.0,1092407.0,81.1,164111.0,15.0,4,4,1461017.0,1279202.0,88.4,8222.0,0.6,4,4,1782159.0,1369789.0,76.9,128368.0,9.4
Mahbubnagar,0,4,1365922.0,866243.0,63.4,47907.0,5.5,0,0,1368868.0,927588.0,67.8,20184.0,2.2,31,0,1418672.0,1014800.0,71.5,2590.0,0.3,31,0,1417629.0,984634.0,70.2,77829.0,7.9,31,2,1682470.0,1226078.0,72.9,4500.0,0.4
Krishnanagar,4,10,1117441.0,924304.0,82.7,20387.0,2.2,4,32,1223082.0,1047125.0,85.6,77386.0,7.4,4,32,1476783.0,1247914.0,84.5,71255.0,5.7,4,32,1774833.0,1366443.0,77.4,63218.0,4.6,4,32,1755631.0,1425712.0,81.2,56705.0,4.0
Kheda,3,6,1319319.0,731759.0,55.5,20810.0,2.8,7,4,1448571.0,602867.0,41.6,846.0,0.1,7,2,1599476.0,955906.0,59.8,232901.0,24.4,7,2,1697520.0,1098633.0,65.8,367145.0,33.4,7,2,2007404.0,1175848.0,58.6,357758.0,30.4
Janjgir-Champa,16,2,1374418.0,717350.0,52.2,11329.0,1.6,16,2,1518450.0,737608.0,48.6,87211.0,11.8,16,2,1737532.0,1073347.0,61.8,174961.0,16.3,16,2,1850601.0,1247650.0,68.0,83255.0,6.7,16,2,2056047.0,1392240.0,67.7,60000.0,4.3
Yavatmal-Washim,3,2,1133605.0,663001.0,58.5,56804.0,8.6,3,6,1554042.0,840574.0,54.1,56951.0,6.8,3,6,1743498.0,1032949.0,59.3,93816.0,9.1,3,6,1812059.0,1174220.0,65.0,117939.0,10.0,3,66,1940916.0,1225530.0,63.1,94473.0,7.7
Tonk-Sawai Madhopur,2,2,1278411.0,593288.0,46.4,58512.0,9.9,2,4,1510047.0,802459.0,53.1,317.0,0.0,2,2,1710775.0,1043040.0,61.0,135311.0,13.0,2,2,1893418.0,1233458.0,65.6,111291.0,9.0,2,4,2148128.0,1226584.0,57.1,64949.0,5.3
Tiruchirappalli,9,29,1192254.0,707830.0,59.4,216725.0,30.6,9,36,1067193.0,719031.0,67.4,4335.0,0.6,9,36,1387140.0,988250.0,71.2,150476.0,15.2,9,4,1489425.0,1048062.0,71.3,459286.0,43.8,9,29,1553985.0,1055964.0,68.0,313094.0,29.7
Patna Sahib,10,11,1741220.0,901556.0,51.8,38562.0,4.3,10,2,1641976.0,552538.0,33.7,166770.0,30.2,10,2,1946249.0,882262.0,45.3,265805.0,30.1,10,2,2136800.0,982285.0,46.2,284657.0,29.0,10,2,2292045.0,1075496.0,46.9,153846.0,14.3
Maharajganj,10,8,1114665.0,664381.0,59.6,46465.0,7.0,10,11,1312219.0,599531.0,45.7,2797.0,0.5,10,2,1644524.0,846654.0,51.5,38415.0,4.5,10,2,1793406.0,972703.0,55.5,230772.0,23.7,1,2,2004050.0,1210451.0,60.4,35451.0,2.9
Maharajganj,1,2,1311205.0,746614.0,56.9,64799.0,8.7,1,4,1509167.0,599531.0,39.7,123628.0,20.6,1,2,1743131.0,1056078.0,60.6,240458.0,22.8,1,2,1866715.0,1226916.0,66.3,340424.0,27.7,10,2,1934937.0,1014109.0,52.4,102651.0,10.1
Aurangabad,10,4,1401973.0,767159.0,54.7,7460.0,1.0,10,8,1376323.0,598332.0,43.5,72058.0,12.0,10,2,1536153.0,786274.0,51.2,66347.0,8.4,3,53,1762823.0,1198221.0,68.3,4492.0,0.4,3,6,2059710.0,1302197.0,63.2,134650.0,10.3
Aurangabad,3,6,1636117.0,911532.0,55.7,121923.0,13.4,3,6,1417964.0,598332.0,42.2,33014.0,5.5,3,6,1589393.0,982933.0,61.8,162000.0,16.5,10,2,1737821.0,941595.0,55.5,72607.0,7.7,10,11,1871564.0,945880.0,50.5,79111.0,8.4
Hamirpur,1,1,1185235.0,604055.0,51.0,37154.0,6.2,22,2,1187377.0,699687.0,58.9,72732.0,10.4,22,2,1247699.0,835205.0,66.9,98403.0,11.8,1,2,1715940.0,1089778.0,64.4,248652.0,22.8,1,1,1839761.0,1115299.0,60.6,2629.0,0.2
Hamirpur,22,2,1064238.0,649994.0,61.1,1615.0,0.2,1,3,1498840.0,699687.0,46.7,25502.0,3.6,1,2,1737993.0,975240.0,56.1,266788.0,27.4,22,2,1247699.0,988765.0,79.9,399572.0,40.4,22,2,1432636.0,1047263.0,73.1,182357.0,17.4
